timestamp,x1,x2
2024-02-20 00:00:00,-0.049540604302523134,0.2901488598225314
2024-02-20 00:15:00,-0.10306809691431551,1.129421535751178
2024-02-20 00:30:00,0.735609492258853,0.26104340814175914
2024-02-20 00:45:00,0.016093305580869632,0.39990873785990566
2024-02-20 01:00:00,0.6470000731458131,0.2142734395234942
2024-02-20 01:15:00,0.37016699867381986,0.8716075808206891
2024-02-20 01:30:00,-0.0968203131694177,1.0155742894449504
2024-02-20 01:45:00,0.7805592300035299,0.5981080804123856
2024-02-20 02:00:00,0.07186090959953362,1.0913009938206222
2024-02-20 02:15:00,0.6843346257069982,0.7518005349250276
2024-02-20 02:30:00,-0.006710341407647896,0.7902119192738717
2024-02-20 02:45:00,0.6782137431077819,1.0043082367981835
2024-02-20 03:00:00,-0.1627082812717708,0.4543545786467791
2024-02-20 03:15:00,0.3356362449384237,0.5104666795140836
2024-02-20 03:30:00,0.5930920890116573,1.0607808691654397
2024-02-20 03:45:00,0.7582395879613457,1.0544020082986756
2024-02-20 04:00:00,0.7324416081889726,1.1285125867603205
2024-02-20 04:15:00,0.6426605846536697,1.0524413289907135
2024-02-20 04:30:00,0.7110241504706311,0.2765303240957081
2024-02-20 04:45:00,0.021850415895604325,0.9714200952038237
2024-02-20 05:00:00,0.10661379952747521,0.5560542277529191
2024-02-20 05:15:00,0.11119764796013937,1.1355196419111848
2024-02-20 05:30:00,0.19908351968430288,0.6154845606064926
2024-02-20 05:45:00,0.21515157208154717,0.6955079433783993
2024-02-20 06:00:00,0.3661883876810276,0.669898177342005
2024-02-20 06:15:00,-0.018684163019004607,0.46029501409481793
2024-02-20 06:30:00,0.5124865981848787,0.21199830254019714
2024-02-20 06:45:00,-0.011388814382257778,1.031029368999593
2024-02-20 07:00:00,0.13115869239196531,0.936439761835004
2024-02-20 07:15:00,0.32400175785335755,0.27166061847916956
2024-02-20 07:30:00,0.6169044596377768,0.9072562698144149
2024-02-20 07:45:00,0.5597412570450739,0.7546732929003064
2024-02-20 08:00:00,0.4656153616474382,0.5362937087484528
2024-02-20 08:15:00,-0.024335896104326238,0.37947922908384596
2024-02-20 08:30:00,0.3667468845631051,0.983480089206348
2024-02-20 08:45:00,-0.09304040516579282,0.8222180604319845
2024-02-20 09:00:00,0.19668868326978467,0.6680336806718415
2024-02-20 09:15:00,0.23265531044707882,0.7281119564388421
2024-02-20 09:30:00,-0.14123564557890758,0.20784514557945566
2024-02-20 09:45:00,0.09275601128272212,0.5889203650104877
2024-02-20 10:00:00,0.7742332388166994,0.30690884881261815
2024-02-20 10:15:00,0.772033102894154,0.3197867115988219
2024-02-20 10:30:00,0.17054513748068711,0.7708882109892501
2024-02-20 10:45:00,-0.13886335414189888,1.0190085726906237
2024-02-20 11:00:00,-0.0030492036980699355,0.509664377575099
2024-02-20 11:15:00,0.20989383771387332,0.3117997800074045
2024-02-20 11:30:00,0.7652767976549029,0.7509277988605101
2024-02-20 11:45:00,-0.04148191242103849,0.9714860998793606
2024-02-20 12:00:00,0.5806576618647274,0.8467241078273815
2024-02-20 12:15:00,-0.07435197763168921,0.9652570771031794
2024-02-20 12:30:00,0.7980475966639485,0.6311375709343953
2024-02-20 12:45:00,0.1982319269782442,0.8445309393217945
2024-02-20 13:00:00,0.591676248513269,0.23078002052934393
2024-02-20 13:15:00,0.1588599481462395,0.43704004476977004
2024-02-20 13:30:00,0.443765773013565,0.4763539962575034
2024-02-20 13:45:00,0.007941886731993697,0.5961296478971876
2024-02-20 14:00:00,-0.03822339614169895,1.0119292338913422
2024-02-20 14:15:00,0.7536503839414882,0.9551585437526444
2024-02-20 14:30:00,0.7330650601387249,0.21338696060648313
2024-02-20 14:45:00,0.7027191391591229,0.2496412180014429
2024-02-20 15:00:00,0.4405169454737116,0.43247306576575123
2024-02-20 15:15:00,0.6231858833269284,0.3635484247117424
2024-02-20 15:30:00,-0.1162103329422548,0.6855388885983823
2024-02-20 15:45:00,0.14937771209029554,0.9714989362265221
2024-02-20 16:00:00,0.1281286178086831,1.0289612029778779
2024-02-20 16:15:00,0.44990852143165005,0.7182114509056421
2024-02-20 16:30:00,0.17005956372551473,0.9006988464013919
2024-02-20 16:45:00,-0.03755195220876259,0.5856655476841199
2024-02-20 17:00:00,0.410248703334931,0.26670679973395545
2024-02-20 17:15:00,0.628006797005533,0.5809778213566853
2024-02-20 17:30:00,0.19558850660858595,0.609274866887127
2024-02-20 17:45:00,-0.054423248792008605,0.7945462352720821
2024-02-20 18:00:00,0.009840146279375017,0.2698618661913389
2024-02-20 18:15:00,0.05048005663230104,0.41617351494424326
2024-02-20 18:30:00,0.11274003733208282,0.4097691612334292
2024-02-20 18:45:00,0.455484098831452,1.0030544022271222
2024-02-20 19:00:00,0.4134819886938843,0.4854276897515203
2024-02-20 19:15:00,0.5084647341238661,0.7944396819175027
2024-02-20 19:30:00,0.17473611878060416,0.7880153978157642
2024-02-20 19:45:00,0.636081941830646,0.30060207462312655
2024-02-20 20:00:00,0.01602300153077063,0.6047772795830629
2024-02-20 20:15:00,0.2808280337494663,0.9250562668873255
2024-02-20 20:30:00,0.6125788497659339,0.5037932157681391
2024-02-20 20:45:00,-0.008347485212133438,0.9715517226364024
2024-02-20 21:00:00,-0.07878838283928039,0.23872801710098715
2024-02-20 21:15:00,0.6948880056986809,0.09626157716880271
2024-02-20 21:30:00,0.15399013427454974,0.9113863972709906
2024-02-20 21:45:00,0.4947879295265195,0.865441402225148
2024-02-20 22:00:00,-0.16387535773968961,1.0081756463128024
2024-02-20 22:15:00,0.5006820607364498,0.692802969412496
2024-02-20 22:30:00,0.12659651982704634,0.9479195227399899
2024-02-20 22:45:00,-0.13390299989054882,0.8360013990179492
2024-02-20 23:00:00,0.4200307492630326,0.8512984073988488
2024-02-20 23:15:00,0.05088454858978267,0.5738325270858398
2024-02-20 23:30:00,0.19675162363248402,0.38487387853030514
2024-02-20 23:45:00,-0.10961025215737952,0.9348853784558987
2024-02-21 00:00:00,-0.04316235381703776,0.4302624678678786
2024-02-21 00:15:00,0.10751799631276518,0.5347828666093416
2024-02-21 00:30:00,-0.1008324660607498,0.43989649406257386
2024-02-21 00:45:00,0.7201024780928018,0.5564199285898292
2024-02-21 01:00:00,-0.18480765528928497,0.4599271209851523
2024-02-21 01:15:00,0.29287551722746474,0.035211287043863754
2024-02-21 01:30:00,-0.06786633733272776,0.8671151193395639
2024-02-21 01:45:00,0.11643711013404162,0.4272857346178408
2024-02-21 02:00:00,0.7346903071558575,0.5696625829775839
2024-02-21 02:15:00,-0.029801061540809443,0.11773605104718496
2024-02-21 02:30:00,0.7742112545189088,-0.020232036478749927
2024-02-21 02:45:00,0.014048773770437784,0.2195048879378349
2024-02-21 03:00:00,0.5496968801863157,0.6766385744303516
2024-02-21 03:15:00,0.35468532510191375,0.06908814703563729
2024-02-21 03:30:00,0.6923649904173892,0.8766257155376849
2024-02-21 03:45:00,0.36175863565061483,0.180609342891747
2024-02-21 04:00:00,0.34220463191703054,0.16803298246366252
2024-02-21 04:15:00,0.0029843615999445294,0.1428042762901947
2024-02-21 04:30:00,-0.026362411821549386,-0.02686041891213793
2024-02-21 04:45:00,0.7237801591244546,0.7288297515356472
2024-02-21 05:00:00,0.13501290628613438,0.8299303447001596
2024-02-21 05:15:00,0.1791415799249095,0.5669354152797234
2024-02-21 05:30:00,0.5667685195644389,0.13885521507864512
2024-02-21 05:45:00,0.14565479892601474,0.23382162464792183
2024-02-21 06:00:00,0.758781138243107,0.4223648443004924
2024-02-21 06:15:00,0.5445347559737821,0.8986849933257103
2024-02-21 06:30:00,0.4039254457211192,0.18959793368470784
2024-02-21 06:45:00,0.6872815011944836,0.6718068604197308
2024-02-21 07:00:00,-0.14411669164635138,0.3775306971463366
2024-02-21 07:15:00,0.06323207391891103,0.23385870969225436
2024-02-21 07:30:00,0.27109862056155754,0.38986380248567243
2024-02-21 07:45:00,0.03293465381843594,0.0030989494092792252
2024-02-21 08:00:00,0.5497560535561727,0.7285320761608491
2024-02-21 08:15:00,0.7249545736168079,0.17110745725365922
2024-02-21 08:30:00,0.22941326370174045,0.6511870699074491
2024-02-21 08:45:00,0.14767327048143122,-0.007898429287023112
2024-02-21 09:00:00,0.7669898549847131,0.8768390837385696
2024-02-21 09:15:00,0.25019093451468744,0.11275215661545922
2024-02-21 09:30:00,0.2942872078179064,0.8004854448446608
2024-02-21 09:45:00,0.15678991270815623,0.7252325667967386
2024-02-21 10:00:00,0.7145906741624272,0.8816452970818651
2024-02-21 10:15:00,0.3739007734684295,0.3897123120067169
2024-02-21 10:30:00,0.5670238951181873,0.6372657189532378
2024-02-21 10:45:00,0.616560973208067,0.2786365846722668
2024-02-21 11:00:00,0.1465091733183271,0.09036262788029792
2024-02-21 11:15:00,0.23826126933673727,0.34714997463260416
2024-02-21 11:30:00,0.6529464495530317,0.06791412712017689
2024-02-21 11:45:00,0.1676386949073998,0.8823124499671546
2024-02-21 12:00:00,0.5982280761575345,-0.005371094976684934
2024-02-21 12:15:00,0.7451957965739088,0.4857208197130688
2024-02-21 12:30:00,0.42732531060694945,0.5211119525518587
2024-02-21 12:45:00,0.5456546211975329,0.4308791813858882
2024-02-21 13:00:00,0.609037975077819,0.553149825638878
2024-02-21 13:15:00,0.6488945747213702,0.005321995060959803
2024-02-21 13:30:00,0.19882346037479137,0.4423502200439633
2024-02-21 13:45:00,-0.1450502873037408,0.17274815381328357
2024-02-21 14:00:00,0.20547959046758937,0.8239291576856028
2024-02-21 14:15:00,0.4772775498287266,0.6440560965462188
2024-02-21 14:30:00,0.2537906421328373,0.8527443215364101
2024-02-21 14:45:00,0.5523232793994399,-0.08395443821193034
2024-02-21 15:00:00,0.16026336645580372,0.1618967834566878
2024-02-21 15:15:00,0.43794682317742395,0.07047498013354847
2024-02-21 15:30:00,-0.010454830975625162,-0.11548936129446272
2024-02-21 15:45:00,0.5524184202912478,0.11400051413567006
2024-02-21 16:00:00,0.34866950967776256,0.5487847746260565
2024-02-21 16:15:00,0.006963424731543877,0.09944719348244016
2024-02-21 16:30:00,0.09473664345945709,0.3757268665622555
2024-02-21 16:45:00,0.5513615511269594,0.7529225498643196
2024-02-21 17:00:00,0.28528238994269617,0.5572594258660676
2024-02-21 17:15:00,0.018641845904196874,0.2565438936374954
2024-02-21 17:30:00,0.769811786942128,0.23281351731967737
2024-02-21 17:45:00,0.5175967476125619,0.31452677046217903
2024-02-21 18:00:00,0.7595386320503563,0.034295583859424966
2024-02-21 18:15:00,0.22944185740025902,0.489735087789998
2024-02-21 18:30:00,0.27737110639440865,0.21838448918825346
2024-02-21 18:45:00,0.7001608769983628,0.705111720052931
2024-02-21 19:00:00,0.3271908379272507,0.6078312593506906
2024-02-21 19:15:00,0.5093571885194222,0.4603416943925548
2024-02-21 19:30:00,0.05418887540555517,0.2125985590666007
2024-02-21 19:45:00,0.24868113056984445,0.05691401979236624
2024-02-21 20:00:00,-0.07465586541231456,0.6217381178393546
2024-02-21 20:15:00,0.007814854804915755,0.3306177984126435
2024-02-21 20:30:00,-0.1972802721302353,0.06759972733182981
2024-02-21 20:45:00,-0.1590161982729048,0.036683999737279815
2024-02-21 21:00:00,0.7789459548078598,0.005588850089534969
2024-02-21 21:15:00,0.04396015266595987,0.6160467253254246
2024-02-21 21:30:00,0.46486243754231904,0.06658947562090647
2024-02-21 21:45:00,0.6405976422184841,0.36298064546128306
2024-02-21 22:00:00,0.352105563163513,0.2866403153840511
2024-02-21 22:15:00,-0.04546229010191383,0.41348005509946273
2024-02-21 22:30:00,0.5294586986636661,0.7098190324772282
2024-02-21 22:45:00,0.4015436688092221,0.6992264166328659
2024-02-21 23:00:00,0.5324937915460002,0.2813900520960288
2024-02-21 23:15:00,0.5709417148851179,-0.1554646173221368
2024-02-21 23:30:00,0.7765582961116678,0.2544884235541638
2024-02-21 23:45:00,0.3746649916465712,0.4331341092378781
2024-02-22 00:00:00,0.1426975545174998,0.3836218843788938
2024-02-22 00:15:00,0.44947667616381326,0.4761305130054274
2024-02-22 00:30:00,-0.1305905466164451,-0.022171723443266678
2024-02-22 00:45:00,0.6983236349870638,0.4692667587111957
2024-02-22 01:00:00,-0.07973415162257072,0.004383495006630073
2024-02-22 01:15:00,0.12868714334550863,0.5712772927831572
2024-02-22 01:30:00,0.6165501027459551,0.15888369714358702
2024-02-22 01:45:00,0.39807846553884385,0.5287557389679493
2024-02-22 02:00:00,0.19436392118597837,-0.1341883125037868
2024-02-22 02:15:00,0.274127322775504,0.22491356730311354
2024-02-22 02:30:00,0.6552032680610695,0.5212172934571478
2024-02-22 02:45:00,0.14062542151404825,0.04220439701541573
2024-02-22 03:00:00,0.6702368301643353,0.609794016024304
2024-02-22 03:15:00,-0.1113113643090346,0.44448187435635655
2024-02-22 03:30:00,0.5773206509059566,0.40048125870672885
2024-02-22 03:45:00,0.6480388055083752,0.16570795450836157
2024-02-22 04:00:00,-0.017721266031651972,0.2938725433836089
2024-02-22 04:15:00,0.2307784722449115,0.40805479347855156
2024-02-22 04:30:00,-0.03409647651885003,0.28247455789003334
2024-02-22 04:45:00,0.506980637093803,0.5076553338608687
2024-02-22 05:00:00,0.3356979859103416,0.24239120324581032
2024-02-22 05:15:00,0.4356482248982899,0.010342483474125141
2024-02-22 05:30:00,-0.003212543799701706,0.02140096189190524
2024-02-22 05:45:00,0.012022913179582123,-0.18730825727046121
2024-02-22 06:00:00,-0.15824811053930254,0.10728947062154898
2024-02-22 06:15:00,0.12230056301777056,0.5547162293056791
2024-02-22 06:30:00,0.3599571041771267,0.5994512474805392
2024-02-22 06:45:00,0.6581277231103638,0.007269207317887577
2024-02-22 07:00:00,0.4671015741829534,0.7633820233893798
2024-02-22 07:15:00,0.2355527191658687,0.3063004711980891
2024-02-22 07:30:00,0.7532597307171289,0.7204594202559134
2024-02-22 07:45:00,0.5193689890506179,0.509852338574782
2024-02-22 08:00:00,0.7302741151594133,0.5251503040200549
2024-02-22 08:15:00,0.3276829611322185,-0.11258619054053876
2024-02-22 08:30:00,0.05898629002379252,0.022038146344634968
2024-02-22 08:45:00,-0.14710331916484787,-0.1894377533577431
2024-02-22 09:00:00,0.5261437771204694,0.5175990459928785
2024-02-22 09:15:00,-0.07864819321254443,0.1456573172348632
2024-02-22 09:30:00,0.10281477222647406,0.5876428293355016
2024-02-22 09:45:00,0.3325023390819092,0.13972150603588723
2024-02-22 10:00:00,0.3644407583312872,0.6199377240289875
2024-02-22 10:15:00,0.4006010590367962,-0.06885535451664618
2024-02-22 10:30:00,-0.033732163927888914,-0.026314278371931787
2024-02-22 10:45:00,0.17974550641694215,0.1410790466502095
2024-02-22 11:00:00,0.41719887680624507,0.20860362030477964
2024-02-22 11:15:00,0.7698210146545857,0.1487565590517426
2024-02-22 11:30:00,0.5276317403014514,0.5636620973857263
2024-02-22 11:45:00,0.7226037645334894,-0.10304842138502235
2024-02-22 12:00:00,0.5622124228511182,0.15122613299557403
2024-02-22 12:15:00,0.3917186427846916,0.6372818454217982
2024-02-22 12:30:00,-0.007972695364307975,-0.13310454299800498
2024-02-22 12:45:00,0.4666928012398549,0.7425222157995987
2024-02-22 13:00:00,0.4233908813808792,0.7865996637820116
2024-02-22 13:15:00,0.402485604157669,-0.11102111868257808
2024-02-22 13:30:00,0.28980837214950406,0.0918348731085693
2024-02-22 13:45:00,0.32868613076392683,0.17313839957651633
2024-02-22 14:00:00,0.13448002862523353,0.5773282033340172
2024-02-22 14:15:00,0.3193591209630312,0.3970864426906865
2024-02-22 14:30:00,-0.0023877871485781244,0.44577179519202165
2024-02-22 14:45:00,0.6052415353771169,0.55918602053935
2024-02-22 15:00:00,-0.014144124500743538,-0.08005109307557284
2024-02-22 15:15:00,-0.1149420546422657,0.6354966459487256
2024-02-22 15:30:00,0.23635136831642156,0.50824780878773
2024-02-22 15:45:00,0.458427419714434,0.38033403882341066
2024-02-22 16:00:00,0.2378523950794361,0.6931154075156971
2024-02-22 16:15:00,0.0769062436489121,0.5040975896527136
2024-02-22 16:30:00,0.35834078867518004,0.005925716425581484
2024-02-22 16:45:00,0.14719038473621213,0.23442895616400003
2024-02-22 17:00:00,0.7330751353542354,0.29920751209089513
2024-02-22 17:15:00,0.7228729320067321,-0.13911346651696005
2024-02-22 17:30:00,0.30262091072590164,0.760833813157882
2024-02-22 17:45:00,0.12815533419639166,-0.06467597762868024
2024-02-22 18:00:00,0.5374269545268437,0.5047814937670119
2024-02-22 18:15:00,-0.16296836469737652,0.3141476625259416
2024-02-22 18:30:00,0.2751127998548496,-0.16583185984707652
2024-02-22 18:45:00,0.13669324069594455,0.7339254201931691
2024-02-22 19:00:00,0.7209327346413054,0.6616795210103688
2024-02-22 19:15:00,-0.18757216970527002,0.3347880426320204
2024-02-22 19:30:00,0.35326858246075554,0.040182406256064535
2024-02-22 19:45:00,0.5411471416288344,-0.06640461547009724
2024-02-22 20:00:00,0.2855323518633516,0.17611977817851
2024-02-22 20:15:00,-0.11405085191023201,0.06893267600700761
2024-02-22 20:30:00,0.7730402112021303,0.32099489100091516
2024-02-22 20:45:00,0.3186229053012436,0.781534384829762
2024-02-22 21:00:00,0.41483332033857967,0.3909219865535315
2024-02-22 21:15:00,0.037292410000252435,0.7067648593458145
2024-02-22 21:30:00,0.2842172126822097,0.4685997535985784
2024-02-22 21:45:00,0.2299060686520836,0.2938762522581484
2024-02-22 22:00:00,-0.12430918352850986,0.6741676867167213
2024-02-22 22:15:00,-0.09300532573271622,0.2918801104664598
2024-02-22 22:30:00,0.6383471348761276,0.6901134118085455
2024-02-22 22:45:00,0.040735810096851593,0.11405650072711565
2024-02-22 23:00:00,-0.004083680079196295,-0.04769157475949892
2024-02-22 23:15:00,0.305912637902346,0.6798464457489777
2024-02-22 23:30:00,0.5697924037374811,0.413004661278163
2024-02-22 23:45:00,-0.13696317604046016,0.7157601721472995
2024-02-23 00:00:00,0.37794420509279847,0.765593889268282
2024-02-23 00:15:00,-0.07960634478141118,-0.11748551781489902
2024-02-23 00:30:00,-0.16230786324684432,0.33099517112566657
2024-02-23 00:45:00,-0.14597614196261494,0.20615042804064418
2024-02-23 01:00:00,0.6354937801969018,0.4582243799042278
2024-02-23 01:15:00,-0.08064713234147397,0.6271572376037801
2024-02-23 01:30:00,-0.15341659382798378,0.11537612479807713
2024-02-23 01:45:00,0.23938453207319443,0.3928238272714829
2024-02-23 02:00:00,0.6455316652337034,0.5460130749867791
2024-02-23 02:15:00,0.06400106307825601,-0.027006001656502104
2024-02-23 02:30:00,0.22336074208856593,0.6539274579551508
2024-02-23 02:45:00,-0.15837296048744035,0.44728684996382184
2024-02-23 03:00:00,0.2508403476138531,0.7920502902139874
2024-02-23 03:15:00,0.37943318451734104,0.18339612112444229
2024-02-23 03:30:00,0.37278637162720074,-0.04661392208165549
2024-02-23 03:45:00,0.13436616735595264,0.3531326914773442
2024-02-23 04:00:00,0.11753375617651068,-0.06614812733380496
2024-02-23 04:15:00,-0.09131376248390008,0.8189953226663546
2024-02-23 04:30:00,0.16892392473083095,-0.11040062608644766
2024-02-23 04:45:00,-0.0983157993983714,0.6058816789324784
2024-02-23 05:00:00,0.5688503459194792,0.3789611098050791
2024-02-23 05:15:00,0.7685945099601764,0.2239776933901271
2024-02-23 05:30:00,0.772461421095714,-0.07728524832728176
2024-02-23 05:45:00,0.6675257569160438,0.4805720942556378
2024-02-23 06:00:00,0.40331544056423096,0.44517493661131513
2024-02-23 06:15:00,0.5034585623979875,0.14240398721509462
2024-02-23 06:30:00,0.08786918167828875,0.7733250058579649
2024-02-23 06:45:00,0.43350525259279654,0.1688121970858466
2024-02-23 07:00:00,0.25845677452067756,0.3160425903082369
2024-02-23 07:15:00,0.2848978964119968,0.41171053805127256
2024-02-23 07:30:00,0.5607313871089729,-0.030173418959724113
2024-02-23 07:45:00,0.08494839062068155,0.8034185651244348
2024-02-23 08:00:00,0.1211457928403401,0.247470465877003
2024-02-23 08:15:00,0.7278250558670681,-0.04459388038736886
2024-02-23 08:30:00,-0.14051441971478218,0.26362559505159977
2024-02-23 08:45:00,0.2889745412751232,0.4782592041846411
2024-02-23 09:00:00,0.716220937052965,0.39344607970698675
2024-02-23 09:15:00,0.41386397422196575,0.5760864410665831
2024-02-23 09:30:00,0.3499898059651768,-0.06120643183996283
2024-02-23 09:45:00,0.0534096115328572,0.16962928523693954
2024-02-23 10:00:00,0.14702455672586678,0.7061119787251379
2024-02-23 10:15:00,0.6558820532332743,-0.03141871874672085
2024-02-23 10:30:00,0.3631372729707869,0.745992989398113
2024-02-23 10:45:00,0.3187477723323314,-0.015764398887651562
2024-02-23 11:00:00,-0.09632733732327523,0.7286390132310241
2024-02-23 11:15:00,-0.17979059107511275,0.25683108404590854
2024-02-23 11:30:00,0.767955676841367,0.5101220050295469
2024-02-23 11:45:00,0.18134682305232117,0.052682467783390405
2024-02-23 12:00:00,0.40766481697343837,-0.03214158828425659
2024-02-23 12:15:00,-0.11574114176678355,0.11953393387242905
2024-02-23 12:30:00,0.48775103156633515,0.033367062750832274
2024-02-23 12:45:00,0.7372973455293523,0.21984790439536822
2024-02-23 13:00:00,0.38049071053661665,0.42376503240103236
2024-02-23 13:15:00,-0.06896347008535386,0.5000918150354836
2024-02-23 13:30:00,0.38673941384108945,0.7031615786584602
2024-02-23 13:45:00,0.5714627066686643,0.5715048051284077
2024-02-23 14:00:00,0.21163056523771456,0.5260047637408324
2024-02-23 14:15:00,0.6851512391389777,0.331019843094431
2024-02-23 14:30:00,0.4540968340492474,0.39504724079607145
2024-02-23 14:45:00,0.7047641149580333,0.33777000050277217
2024-02-23 15:00:00,0.42912274989329513,0.7674347022035671
2024-02-23 15:15:00,-0.0629914218587162,0.15729752108922856
2024-02-23 15:30:00,0.11551640975431374,-0.06494494959222445
2024-02-23 15:45:00,0.007724663940794518,0.5826994778705672
2024-02-23 16:00:00,0.7148621544709433,0.13589539404118584
2024-02-23 16:15:00,0.5665425886294205,0.8256099000034239
2024-02-23 16:30:00,0.48264867785309995,0.7966103248353453
2024-02-23 16:45:00,0.10732533867596197,0.01636803033242131
2024-02-23 17:00:00,-0.009486576821710724,0.048112911746285666
2024-02-23 17:15:00,0.563030292661221,0.43898688311615486
2024-02-23 17:30:00,0.28084862502974195,0.5551354259165523
2024-02-23 17:45:00,0.03259262618300077,0.2229250109826723
2024-02-23 18:00:00,0.4235383669475669,0.6669244881973192
2024-02-23 18:15:00,-0.15263552500065058,0.5471588268908602
2024-02-23 18:30:00,0.13331602985253946,0.2791886347967158
2024-02-23 18:45:00,0.275818841415315,-0.01813683578225494
2024-02-23 19:00:00,-0.044662830282662935,0.7087742874546948
2024-02-23 19:15:00,0.7921512191093598,0.17551492700141896
2024-02-23 19:30:00,0.016712928584176445,0.7973769302982389
2024-02-23 19:45:00,-0.061911567486426705,0.3853397882320021
2024-02-23 20:00:00,0.011390830262542728,0.5442774723526536
2024-02-23 20:15:00,0.5770386582958329,0.8423031658969886
2024-02-23 20:30:00,0.23360566744471253,0.8351354899572178
2024-02-23 20:45:00,0.3736393446552891,0.3451935087363219
2024-02-23 21:00:00,-0.17064312827541514,0.1847274042896799
2024-02-23 21:15:00,-0.15709575433927278,0.753152043359527
2024-02-23 21:30:00,0.25442462118111187,0.41325624126823457
2024-02-23 21:45:00,0.625381360139334,0.1743904629328009
2024-02-23 22:00:00,0.69409295194092,0.8889483444837386
2024-02-23 22:15:00,-0.10431049277256896,0.1848035714480409
2024-02-23 22:30:00,0.34747581762046986,0.014684503629319168
2024-02-23 22:45:00,0.7224730865576924,0.011336591382152945
2024-02-23 23:00:00,0.19734774768437238,0.615552320788308
2024-02-23 23:15:00,0.6390733253454545,0.6570931767839882
2024-02-23 23:30:00,-0.05666344406121723,0.3086415182435746
2024-02-23 23:45:00,0.7451697051858732,0.3197927852512075
2024-02-24 00:00:00,0.5613337527450634,0.3414577198547499
2024-02-24 00:15:00,0.7513809527694857,0.6843041265900615
2024-02-24 00:30:00,0.4868008227289201,0.06446065244052256
2024-02-24 00:45:00,0.1737254541422398,0.9376237425928258
2024-02-24 01:00:00,0.7486415307497639,0.2332079499208531
2024-02-24 01:15:00,0.08616687307123799,1.0125383547508422
2024-02-24 01:30:00,0.14291325915026276,0.18656455570547634
2024-02-24 01:45:00,0.5116906965365633,0.7887632411874347
2024-02-24 02:00:00,0.5763410199524029,0.24280220142483702
2024-02-24 02:15:00,0.7405715459360569,0.10240702278209693
2024-02-24 02:30:00,0.01611471188819924,0.8986615437914098
2024-02-24 02:45:00,0.6094554771947273,0.8846446525321481
2024-02-24 03:00:00,0.5501495322233565,0.43162587756640663
2024-02-24 03:15:00,-0.12445503105706801,0.7326103799511869
2024-02-24 03:30:00,0.1991213840749373,0.5894353259478882
2024-02-24 03:45:00,0.09481242570881684,0.8874768098191266
2024-02-24 04:00:00,0.11668701368720039,0.3517238593012029
2024-02-24 04:15:00,0.7952939837603976,0.5624831191911358
2024-02-24 04:30:00,0.45527592602958045,0.5263212999149353
2024-02-24 04:45:00,0.5303269714376364,0.39698809028019255
2024-02-24 05:00:00,0.7894216440790081,0.9366655357536416
2024-02-24 05:15:00,0.19015987363747897,0.2132112215714037
2024-02-24 05:30:00,0.6149532346108252,0.19895912799606563
2024-02-24 05:45:00,0.24779989426514917,0.6284713292074077
2024-02-24 06:00:00,0.6829593566606047,0.7111611918101856
2024-02-24 06:15:00,-0.005759131622116054,0.25038499604076747
2024-02-24 06:30:00,0.7614280339372193,0.44857532599160066
2024-02-24 06:45:00,0.03267298192077342,1.0065069818358736
2024-02-24 07:00:00,0.14028208319934443,0.308638681556653
2024-02-24 07:15:00,0.5704149983420286,0.7324526985195363
2024-02-24 07:30:00,0.20813997835834186,0.8063044986805784
2024-02-24 07:45:00,0.4227591698862449,0.5163390384991217
2024-02-24 08:00:00,0.25928513350938215,1.0077834406774173
2024-02-24 08:15:00,0.5572462910630953,0.8089529411825939
2024-02-24 08:30:00,0.043373209304200244,0.5322509323574066
2024-02-24 08:45:00,-0.12633357222482675,0.6456828536410133
2024-02-24 09:00:00,0.11530520146182219,0.7709733068961888
2024-02-24 09:15:00,0.2898527113585314,0.6725529282280205
2024-02-24 09:30:00,-0.016266780566042305,0.9610536502681575
2024-02-24 09:45:00,0.1706804550934442,0.44122824441396863
2024-02-24 10:00:00,0.2160370585615867,0.38619879882856056
2024-02-24 10:15:00,-0.12638236539114542,0.3021151509493678
2024-02-24 10:30:00,0.39970566476119274,0.12801192455959048
2024-02-24 10:45:00,0.7009153443866045,0.13518487584360384
2024-02-24 11:00:00,-0.03151079743746435,0.9641570883155733
2024-02-24 11:15:00,0.41472954873075796,0.774414824281572
2024-02-24 11:30:00,0.4818368576510484,0.7584624463938792
2024-02-24 11:45:00,0.23660932142309843,0.7144695462325661
2024-02-24 12:00:00,0.5185500866416439,0.9509306858243479
2024-02-24 12:15:00,0.22836277020506954,0.5838511737688219
2024-02-24 12:30:00,0.32244811044032085,0.9758554538640379
2024-02-24 12:45:00,-0.17465566977682265,0.46673747747694894
2024-02-24 13:00:00,0.5098927296071005,1.0358350104600225
2024-02-24 13:15:00,0.4796974899552289,0.8096065514366335
2024-02-24 13:30:00,-0.14306125125811398,0.3699355661396832
2024-02-24 13:45:00,0.18697190321105053,0.6786387887782853
2024-02-24 14:00:00,0.7979384241275809,0.6493662300536203
2024-02-24 14:15:00,0.23982879566431803,0.2560024441825087
2024-02-24 14:30:00,0.32122414934318816,0.7111004240588114
2024-02-24 14:45:00,0.7293962739545328,0.4363827710818393
2024-02-24 15:00:00,0.5369162228197288,0.17567106936147525
2024-02-24 15:15:00,0.4019135679168202,1.0736889362282291
2024-02-24 15:30:00,0.617838065751446,0.7682187407383184
2024-02-24 15:45:00,0.6845904553588789,1.0053278120511198
2024-02-24 16:00:00,0.27730392109898294,0.8061301090204869
2024-02-24 16:15:00,0.2957167298060876,0.48870753708122505
2024-02-24 16:30:00,0.20685267017572595,0.6460459789398707
2024-02-24 16:45:00,0.7877020974083999,0.8107228548597227
2024-02-24 17:00:00,0.5183572868379972,1.096830541231959
2024-02-24 17:15:00,-0.09538997472372626,0.3918335395840328
2024-02-24 17:30:00,0.6845433593317571,1.0147105576645632
2024-02-24 17:45:00,0.3023413032986127,1.0653640902491435
2024-02-24 18:00:00,-0.1092662561194516,0.813237768034411
2024-02-24 18:15:00,0.37189641522420014,1.0756078488751684
2024-02-24 18:30:00,0.2395436082974964,0.5437215959225823
2024-02-24 18:45:00,0.7003297491503361,1.100343611570354
2024-02-24 19:00:00,0.02677680761093501,0.8515772032005717
2024-02-24 19:15:00,0.649449516994372,0.19224927277216255
2024-02-24 19:30:00,0.3808771450099566,1.0585476328074883
2024-02-24 19:45:00,-0.12199685478718372,0.6375608516040261
2024-02-24 20:00:00,0.7954433723790506,0.6148100466583595
2024-02-24 20:15:00,0.33641938411320327,0.7223262988461492
2024-02-24 20:30:00,0.11488790211908606,0.30660231843781627
2024-02-24 20:45:00,0.2936256356901746,0.6277231851942243
2024-02-24 21:00:00,0.6822851599785914,0.9910048450385845
2024-02-24 21:15:00,0.1295399195599999,0.17666154870626755
2024-02-24 21:30:00,0.017523445332013943,0.43537852578027725
2024-02-24 21:45:00,-0.045870616597964986,0.1661788897951467
2024-02-24 22:00:00,0.12312945543761644,0.5806790620756163
2024-02-24 22:15:00,0.6055308966050946,0.8945070766635868
2024-02-24 22:30:00,0.297322758206375,0.9661674265260695
2024-02-24 22:45:00,0.05339241006219714,1.113769464460105
2024-02-24 23:00:00,-0.0076889517734540225,0.7782483559599148
2024-02-24 23:15:00,0.15907159524107867,0.4255144444752404
2024-02-24 23:30:00,0.7664833885673001,1.096159020817272
2024-02-24 23:45:00,0.1698034510267851,0.9484298447132242
2024-02-25 00:00:00,0.8151193619142003,0.7486249869884816
2024-02-25 00:15:00,0.3124451129747903,0.8708983980159045
2024-02-25 00:30:00,0.006598769432026919,1.100615354402193
2024-02-25 00:45:00,0.7187959585019912,0.8897128598618068
2024-02-25 01:00:00,0.2882330759917572,0.5466920644721104
2024-02-25 01:15:00,0.5377717020355179,0.8923232592997152
2024-02-25 01:30:00,0.8120354158796931,0.22052937814086293
2024-02-25 01:45:00,-0.12127652546847933,0.567601480089725
2024-02-25 02:00:00,-0.07453220812634212,0.588422086158285
2024-02-25 02:15:00,0.5494558966851236,0.349828749295199
2024-02-25 02:30:00,0.11105089584016148,0.20694567438415845
2024-02-25 02:45:00,0.013754839923591916,0.31808922430547937
2024-02-25 03:00:00,-0.13095631475492853,0.8401552912634411
2024-02-25 03:15:00,-0.148242309200863,0.9886263352950263
2024-02-25 03:30:00,0.6046265651649004,1.1753225551212987
2024-02-25 03:45:00,-0.03519481860360371,0.5342418359356838
2024-02-25 04:00:00,0.29832396963042684,0.787994462114068
2024-02-25 04:15:00,0.4367325750191665,1.1264746625717572
2024-02-25 04:30:00,0.25942077203036,0.3570633968337153
2024-02-25 04:45:00,-0.1415903602493902,0.9083365030523666
2024-02-25 05:00:00,0.6150393091719614,0.9463162528801718
2024-02-25 05:15:00,-0.15771334760584949,0.2809368834630397
2024-02-25 05:30:00,0.5938997444753311,1.05381171122571
2024-02-25 05:45:00,0.7255515659825489,1.0062454306534205
2024-02-25 06:00:00,0.2653250140699207,0.2270984578639814
2024-02-25 06:15:00,0.3682663845173244,0.28531187808415714
2024-02-25 06:30:00,0.3099469188953274,0.24386324986102081
2024-02-25 06:45:00,0.2224125550697517,0.5299656008069177
2024-02-25 07:00:00,0.7208696761511397,0.7049735351841251
2024-02-25 07:15:00,0.7276206488026181,0.7284714553646566
2024-02-25 07:30:00,0.16974629199117014,0.4642063252179609
2024-02-25 07:45:00,0.4492432612905096,1.1085288956821908
2024-02-25 08:00:00,0.761325438897263,0.5655638015890463
2024-02-25 08:15:00,0.796721533554233,0.24319668527665106
2024-02-25 08:30:00,0.34386802011503725,0.4981956323183825
2024-02-25 08:45:00,0.2879805161050324,0.7293763703313099
2024-02-25 09:00:00,0.11409754274979436,0.6067635974078428
2024-02-25 09:15:00,0.7945233997065912,0.47263548826059837
2024-02-25 09:30:00,-0.021285086803918163,0.3303437506766612
2024-02-25 09:45:00,0.4159800483041389,1.0183888430854486
2024-02-25 10:00:00,0.11895138344474321,1.1955497132525634
2024-02-25 10:15:00,0.11566082888669316,0.5291029974127928
2024-02-25 10:30:00,0.241873326273881,0.5813145468318023
2024-02-25 10:45:00,0.8359506516173456,0.8178398963160237
2024-02-25 11:00:00,-0.10762222511378416,0.9183289326172372
2024-02-25 11:15:00,0.4162078126271418,0.591978286058749
2024-02-25 11:30:00,-0.07950654824325804,1.1049157614454361
2024-02-25 11:45:00,-0.0073018052850800375,0.7600039222731371
2024-02-25 12:00:00,0.2779971479860872,0.6503798917735125
2024-02-25 12:15:00,0.3491519483113697,0.8466286457979348
2024-02-25 12:30:00,0.09774260411758295,1.152702017142604
2024-02-25 12:45:00,0.15566647222177787,0.9943689454264242
2024-02-25 13:00:00,-0.07356372723009985,0.23972447921020001
2024-02-25 13:15:00,0.1429497118596111,0.5318921851787373
2024-02-25 13:30:00,0.8065498059909324,0.669974128610925
2024-02-25 13:45:00,0.784960948726745,0.513770446738605
2024-02-25 14:00:00,0.17539481823555558,0.8992401488958842
2024-02-25 14:15:00,0.411634184770036,1.0250977579704308
2024-02-25 14:30:00,0.7506401180876676,0.9299260565026686
2024-02-25 14:45:00,-0.1525062150634472,1.1876429640000707
2024-02-25 15:00:00,0.6522595235228005,0.4705624358553858
2024-02-25 15:15:00,0.7902122511678377,1.0726858238145556
2024-02-25 15:30:00,-0.06656406905971013,0.9639770027362321
2024-02-25 15:45:00,0.003826132627933243,0.5591676125430067
2024-02-25 16:00:00,0.803393749837894,0.9307244682203234
2024-02-25 16:15:00,0.38045734038086676,0.30026354901037855
2024-02-25 16:30:00,-0.1426156711956771,0.9850853904921651
2024-02-25 16:45:00,0.10109093731838406,0.7276235256889972
2024-02-25 17:00:00,0.2936746023846727,0.48710086478582965
2024-02-25 17:15:00,0.5369125727452178,0.8500825742604371
2024-02-25 17:30:00,0.5774375162069998,0.8353967231761098
2024-02-25 17:45:00,0.8399728687884166,0.40271133366627926
2024-02-25 18:00:00,0.13233751317685735,0.2230479124020069
2024-02-25 18:15:00,0.3833221124199323,0.6256755396917687
2024-02-25 18:30:00,0.3787019926849672,0.7609444170164923
2024-02-25 18:45:00,0.25130087474586504,1.067394634454652
2024-02-25 19:00:00,0.015095414493982051,1.1183402502335849
2024-02-25 19:15:00,0.8236687227448174,0.7182401405977856
2024-02-25 19:30:00,0.6998087173667695,0.9425273253745797
2024-02-25 19:45:00,0.3451046610332556,0.6272935690499282
2024-02-25 20:00:00,0.4502978870278601,0.9333165316764221
2024-02-25 20:15:00,0.07459507773715832,0.39125769166834845
2024-02-25 20:30:00,0.39140338129117214,0.5567204990335937
2024-02-25 20:45:00,0.5428694562870424,0.8190612616927578
2024-02-25 21:00:00,0.3633500880150031,0.2021467261869282
2024-02-25 21:15:00,0.8387526895219556,0.9055836681933649
2024-02-25 21:30:00,0.4600943559846976,1.0177696591000585
2024-02-25 21:45:00,0.22001231326262305,0.5804659273298701
2024-02-25 22:00:00,0.621477247992041,0.6283352085492602
2024-02-25 22:15:00,0.020075069071177898,1.030722056331641
2024-02-25 22:30:00,0.23441642434862195,0.9541201732215718
2024-02-25 22:45:00,0.19714832884074032,0.4656194777197156
2024-02-25 23:00:00,0.28228595468480056,0.5004294215505996
2024-02-25 23:15:00,0.6325488785343821,0.854293870210312
2024-02-25 23:30:00,0.3352329883307641,0.7375551731425563
2024-02-25 23:45:00,0.6453660191430096,0.3355073407110555
2024-02-26 00:00:00,0.42813279248613756,0.4821077422812
2024-02-26 00:15:00,0.19400635084076112,1.0710406788123832
2024-02-26 00:30:00,0.6622093916761336,0.8580910463483089
2024-02-26 00:45:00,0.0908147539291845,1.1547299096045238
2024-02-26 01:00:00,0.07720320073140194,0.9345870169908534
2024-02-26 01:15:00,0.3576189833087997,1.1083478676313563
2024-02-26 01:30:00,0.11426184289667943,0.381341154185283
2024-02-26 01:45:00,-0.1372031324872018,0.9353969416281429
2024-02-26 02:00:00,0.502305292018512,0.18286956278476088
2024-02-26 02:15:00,0.36540021346283075,0.8321326794859272
2024-02-26 02:30:00,0.300123527445056,0.6293563426306255
2024-02-26 02:45:00,0.8218742407972557,0.5055164893382837
2024-02-26 03:00:00,0.4264056142060306,1.019824225632254
2024-02-26 03:15:00,0.7189394015020671,1.0103322840213802
2024-02-26 03:30:00,-0.004739858642226369,0.1769924377119212
2024-02-26 03:45:00,0.425319136254037,0.7628035836690863
2024-02-26 04:00:00,0.7243957529180045,0.5197201666278738
2024-02-26 04:15:00,0.43982602017515793,0.5661203454714479
2024-02-26 04:30:00,0.575039259928,0.9810535754786311
2024-02-26 04:45:00,0.2293741492651908,0.45738836288089446
2024-02-26 05:00:00,-0.04991372256629342,1.0891155941797164
2024-02-26 05:15:00,0.3158439123012303,0.3242014155801829
2024-02-26 05:30:00,0.2527305411633607,0.8057736101703222
2024-02-26 05:45:00,0.7256195407623632,0.8136228238375581
2024-02-26 06:00:00,0.10286354223589872,0.3921626432271087
2024-02-26 06:15:00,0.8259120208889661,0.4631511552268318
2024-02-26 06:30:00,0.8176261371253302,0.9716156292994648
2024-02-26 06:45:00,0.10743055337872426,0.8970226966091657
2024-02-26 07:00:00,0.20816242631027895,0.4626975317922789
2024-02-26 07:15:00,0.7559784382883051,0.6659265054540249
2024-02-26 07:30:00,0.827357809461174,0.19200285325460129
2024-02-26 07:45:00,0.30448824563117366,0.337405525415778
2024-02-26 08:00:00,0.18236040425258193,0.6128019733652778
2024-02-26 08:15:00,0.3877722477701968,0.21126180650567003
2024-02-26 08:30:00,0.5497629753825582,0.9669121696347226
2024-02-26 08:45:00,0.135784475978816,0.8398630584975421
2024-02-26 09:00:00,0.5990999823932834,1.0637530479032478
2024-02-26 09:15:00,-0.085398333866016,0.8118345141148844
2024-02-26 09:30:00,-0.08744304440806897,1.0570031218557894
2024-02-26 09:45:00,0.24986897282944578,0.6693345674664456
2024-02-26 10:00:00,0.2173739141312964,0.7132472176030071
2024-02-26 10:15:00,0.17985403983367498,1.0881928019879403
2024-02-26 10:30:00,0.35556133601654816,0.7515307961745118
2024-02-26 10:45:00,0.1855965494983124,0.13835509789618197
2024-02-26 11:00:00,0.05744292292167155,0.8295253813664942
2024-02-26 11:15:00,0.174977232703439,1.0093327882720886
2024-02-26 11:30:00,0.8407352759443798,0.8975734742466122
2024-02-26 11:45:00,0.27726837846692765,0.6839434850065699
2024-02-26 12:00:00,0.31119233394451423,0.7695187971521958
2024-02-26 12:15:00,0.44334977838208656,1.0865004542923873
2024-02-26 12:30:00,0.8504714223720864,0.18505267078398135
2024-02-26 12:45:00,0.10905842855113826,0.7597060927056388
2024-02-26 13:00:00,0.5490663918813717,0.37391863465387976
2024-02-26 13:15:00,0.5840967336427116,0.7286602378528115
2024-02-26 13:30:00,0.4757648436040328,0.6942317757482852
2024-02-26 13:45:00,-0.04265222044802672,0.2380930814813378
2024-02-26 14:00:00,0.5459713536751212,0.2894008702572528
2024-02-26 14:15:00,-0.06647594992571568,0.7022919392621181
2024-02-26 14:30:00,0.4659028714644466,0.20689084387675466
2024-02-26 14:45:00,0.6096729021231776,0.3418309439465527
2024-02-26 15:00:00,0.08139373704033054,0.9098756650381505
2024-02-26 15:15:00,0.7123785924328295,0.3996927884638828
2024-02-26 15:30:00,-0.09855625574080173,0.5586239620670792
2024-02-26 15:45:00,0.7152367699999046,1.0096582649750565
2024-02-26 16:00:00,0.33208753678891456,0.29361298691791726
2024-02-26 16:15:00,0.0896816164784573,0.45402797240481474
2024-02-26 16:30:00,0.006207620941614811,0.6687901217060769
2024-02-26 16:45:00,0.8260730503321829,0.8155942472804111
2024-02-26 17:00:00,-0.0542315170672725,0.9598245038326779
2024-02-26 17:15:00,0.07253393208423542,0.9715529798518135
2024-02-26 17:30:00,0.22160107896557926,0.8306222665334039
2024-02-26 17:45:00,0.49435240085499843,0.28020880306465795
2024-02-26 18:00:00,0.4192580568952174,0.07457689572133938
2024-02-26 18:15:00,0.00044048150449177426,0.43142517134248903
2024-02-26 18:30:00,0.16486558643234428,0.18707809529237748
2024-02-26 18:45:00,0.11423058188923575,0.75378947565422
2024-02-26 19:00:00,0.08936346628517153,0.7023998327758407
2024-02-26 19:15:00,0.28730734052155565,0.08310339297271274
2024-02-26 19:30:00,0.5805374385048523,0.8735833779790886
2024-02-26 19:45:00,0.09430248799390747,0.2835863097151992
2024-02-26 20:00:00,0.24387259169913972,0.4649194160772786
2024-02-26 20:15:00,0.26845587977418756,0.6984714817915461
2024-02-26 20:30:00,0.8543403063812682,0.4577983039891854
2024-02-26 20:45:00,0.832896039269535,0.46750571268644575
2024-02-26 21:00:00,0.678713750371966,0.08968117721923369
2024-02-26 21:15:00,0.12058215180359563,0.42332914005835476
2024-02-26 21:30:00,-0.052691815076775186,0.7845632878622971
2024-02-26 21:45:00,0.19652322322673174,0.9327191889233081
2024-02-26 22:00:00,0.14676242278394297,0.42886535774557294
2024-02-26 22:15:00,0.3862430328492814,0.4367775872070858
2024-02-26 22:30:00,0.6583950719688221,0.713640836064739
2024-02-26 22:45:00,0.7393405981572774,0.9516063892805878
2024-02-26 23:00:00,0.7262328085767444,0.27371493527995816
2024-02-26 23:15:00,0.24139591311602654,0.44461701640996704
2024-02-26 23:30:00,0.5693068872450615,0.7982643358512749
2024-02-26 23:45:00,0.19525949468782483,0.6098026713881999
2024-02-27 00:00:00,-0.0563158464137441,0.10851344270674641
2024-02-27 00:15:00,0.5846977472674966,0.6234780777738745
2024-02-27 00:30:00,-0.10668553801105088,0.18031037671530964
2024-02-27 00:45:00,0.2930244793858466,0.5015995421774117
2024-02-27 01:00:00,0.21357669680104208,0.5183074173610228
2024-02-27 01:15:00,0.5779310529600281,0.8632293385715243
2024-02-27 01:30:00,0.6511556238189286,0.44734362132017047
2024-02-27 01:45:00,0.18936197162431895,0.26211694390709955
2024-02-27 02:00:00,0.6972520809688231,0.21146810652537082
2024-02-27 02:15:00,0.1799001024730233,0.8525831925333714
2024-02-27 02:30:00,0.3326685202661,0.14717430705916892
2024-02-27 02:45:00,0.6137200467640102,0.39986698761182804
2024-02-27 03:00:00,0.5799816478928728,0.1590096107451217
2024-02-27 03:15:00,0.8747903276327768,0.7429819573612874
2024-02-27 03:30:00,0.11294385220713896,0.4418955879279861
2024-02-27 03:45:00,0.5504622485008592,0.3165155350032063
2024-02-27 04:00:00,0.4981882827853209,0.32432450340116004
2024-02-27 04:15:00,0.8039673994022585,0.8132964652193216
2024-02-27 04:30:00,0.04559418608790172,0.512718240942805
2024-02-27 04:45:00,0.6413938349600449,0.6746790528476564
2024-02-27 05:00:00,0.45822844023991655,0.8517217738550337
2024-02-27 05:15:00,0.16499037029120187,0.8543023836448845
2024-02-27 05:30:00,0.365124613380397,0.27895285870388
2024-02-27 05:45:00,0.22483201549190512,0.9007840630138542
2024-02-27 06:00:00,0.47073505911711255,-0.028896172601128624
2024-02-27 06:15:00,0.7807890220237538,0.3209650524761913
2024-02-27 06:30:00,0.46146066572938865,0.8378365453853441
2024-02-27 06:45:00,0.5242458832308493,0.2145896634408352
2024-02-27 07:00:00,0.41163960733390587,0.21095647719230837
2024-02-27 07:15:00,-0.05557392804610789,0.23842695001794856
2024-02-27 07:30:00,0.12648843589202685,0.5460553291039079
2024-02-27 07:45:00,0.38600142841541657,0.3700198859765001
2024-02-27 08:00:00,0.2046053073945014,0.656375244194489
2024-02-27 08:15:00,0.07650444901328896,0.8225127228803643
2024-02-27 08:30:00,0.399245021943046,0.599771745353494
2024-02-27 08:45:00,0.21829380164717804,0.12801823992258515
2024-02-27 09:00:00,0.15396397717928506,0.8542216711638693
2024-02-27 09:15:00,0.36021457311186195,0.18403023045456113
2024-02-27 09:30:00,0.02988672950321819,0.0674388183140353
2024-02-27 09:45:00,0.8247220125525017,0.005528782510400898
2024-02-27 10:00:00,0.7650526759790564,0.4769722758053553
2024-02-27 10:15:00,0.6053459511276021,0.025388314780838528
2024-02-27 10:30:00,0.004314467262824709,0.04844957286580025
2024-02-27 10:45:00,0.6743536536046225,0.20776275746225276
2024-02-27 11:00:00,0.7068099700886659,0.18745485741423917
2024-02-27 11:15:00,0.6669939841314538,0.5081221414559106
2024-02-27 11:30:00,0.0135724577728812,0.7187201349683153
2024-02-27 11:45:00,0.5438922099610012,0.6614284041333247
2024-02-27 12:00:00,0.7346872070870462,0.16067898884084053
2024-02-27 12:15:00,0.4780944454060161,0.14163293634387372
2024-02-27 12:30:00,0.5475275248646441,0.8602542135760327
2024-02-27 12:45:00,0.35986320530953897,-0.0991482675810706
2024-02-27 13:00:00,0.4305870910031588,0.7705016133656094
2024-02-27 13:15:00,-0.06336285811360831,0.08868818937906237
2024-02-27 13:30:00,0.5416042832914651,0.8344358005753794
2024-02-27 13:45:00,-0.015530084453141413,0.22766400205136134
2024-02-27 14:00:00,0.33841920007129045,0.3239273769972915
2024-02-27 14:15:00,0.19644206639333694,0.5889289610789619
2024-02-27 14:30:00,0.4495977400314542,0.4677242111475497
2024-02-27 14:45:00,0.037969402712984796,0.1962555791142133
2024-02-27 15:00:00,0.5965802009844592,0.43042273918650487
2024-02-27 15:15:00,0.7003325203852395,0.60558897103177
2024-02-27 15:30:00,0.06906006844060192,-0.08447781112728847
2024-02-27 15:45:00,0.0104037902536889,-0.11729320078211367
2024-02-27 16:00:00,0.05199171702371143,0.32790997866041316
2024-02-27 16:15:00,0.7839897727639543,3.069577196593287e-05
2024-02-27 16:30:00,0.43543789270771344,0.5309050968477723
2024-02-27 16:45:00,0.37489648866170777,0.07899587246937817
2024-02-27 17:00:00,0.014734613234386573,0.29619320986075304
2024-02-27 17:15:00,0.5579665402977426,0.05942799333317306
2024-02-27 17:30:00,0.7767983009293976,0.40867205084273484
2024-02-27 17:45:00,0.7373731880878465,-0.025310024934722092
2024-02-27 18:00:00,0.5356310698615528,-0.11979175426172112
2024-02-27 18:15:00,-0.014755449817290336,-0.09328508226173143
2024-02-27 18:30:00,0.02275276203686452,0.8083407979413806
2024-02-27 18:45:00,-0.03994494987641378,-0.0051149793978902125
2024-02-27 19:00:00,0.16861603262376645,0.5596110460531691
2024-02-27 19:15:00,0.04718945951334398,-0.08238929207461831
2024-02-27 19:30:00,0.17196763006869598,-0.04358554102319542
2024-02-27 19:45:00,0.297369662375634,0.3557180237049183
2024-02-27 20:00:00,0.8556868250788234,0.3103185986308228
2024-02-27 20:15:00,0.5234729507825038,0.7956522706662057
2024-02-27 20:30:00,0.7484639404485298,0.7875502673181508
2024-02-27 20:45:00,0.6242353311418416,0.6209850317751734
2024-02-27 21:00:00,0.026781046644861722,0.44215867547408205
2024-02-27 21:15:00,0.6505928163293186,0.2937166570995534
2024-02-27 21:30:00,0.19016619162175025,0.19365356144147222
2024-02-27 21:45:00,0.5545704615544673,0.7833006070581493
2024-02-27 22:00:00,0.2568202952076011,0.43787940025346606
2024-02-27 22:15:00,0.9139266924577606,0.4128202889306071
2024-02-27 22:30:00,0.1802024150560187,0.06444584465379247
2024-02-27 22:45:00,0.19617830954941562,-0.12194056516605878
2024-02-27 23:00:00,0.8481173925134403,0.7753871640226755
2024-02-27 23:15:00,-0.05751276716840359,0.1427910221097648
2024-02-27 23:30:00,0.6149298984875115,0.2705223133107234
2024-02-27 23:45:00,0.6439657730486534,-0.058528758378217055
2024-02-28 00:00:00,0.755416818803813,0.6626742484954009
2024-02-28 00:15:00,0.8938767965956171,-0.14767888678967772
2024-02-28 00:30:00,0.89543903325969,0.6576402716891973
2024-02-28 00:45:00,-0.01448611850518386,-0.03708425715350544
2024-02-28 01:00:00,0.742476836281422,0.7081971756575041
2024-02-28 01:15:00,0.5673482146545465,0.5504292645833609
2024-02-28 01:30:00,0.5687815587992069,-0.015628198545167754
2024-02-28 01:45:00,0.05019086852010224,0.38458590467221865
2024-02-28 02:00:00,0.5724299979689492,0.1305121713289679
2024-02-28 02:15:00,0.9051276719675126,-0.004801418094797616
2024-02-28 02:30:00,0.8348662890584818,0.6752790952658648
2024-02-28 02:45:00,0.3625813748694239,0.2187729654534697
2024-02-28 03:00:00,-0.03619795362980259,0.21296920741690942
2024-02-28 03:15:00,0.28655128465731616,-0.01649044885692852
2024-02-28 03:30:00,0.7510521884619143,0.19590812042332548
2024-02-28 03:45:00,0.6265654192380568,0.6837011362795178
2024-02-28 04:00:00,0.38481477105999895,0.17447721390957238
2024-02-28 04:15:00,-0.01902219682771769,0.7622387348267883
2024-02-28 04:30:00,0.3531765013093676,0.7562532807889913
2024-02-28 04:45:00,0.3957125696710348,-0.04582512728616717
2024-02-28 05:00:00,0.8556493683764423,-0.014057999139763189
2024-02-28 05:15:00,0.568586491721624,0.6706821305364914
2024-02-28 05:30:00,0.23956020264355615,0.20016914505151118
2024-02-28 05:45:00,0.45363279154399383,-0.18879470121378342
2024-02-28 06:00:00,-0.005222582664276179,0.08014921970953692
2024-02-28 06:15:00,0.9016982669588964,0.4033755357586426
2024-02-28 06:30:00,0.28959819246854857,0.6045047733285913
2024-02-28 06:45:00,0.4078142401688446,-0.061857128049559784
2024-02-28 07:00:00,0.2856397877542993,-0.08516569287758136
2024-02-28 07:15:00,0.6132768034919972,0.7259475793970593
2024-02-28 07:30:00,0.5934068212119544,0.5545886241746271
2024-02-28 07:45:00,0.6469068906160278,0.3928285844243693
2024-02-28 08:00:00,0.20013805264957157,0.5718679442771035
2024-02-28 08:15:00,0.24807387094541422,0.23119117334655434
2024-02-28 08:30:00,0.0580675094593619,0.5604717452191518
2024-02-28 08:45:00,0.5887374586728172,0.17352174135297066
2024-02-28 09:00:00,-0.026563859450233193,0.04553967641955112
2024-02-28 09:15:00,0.5317331910894418,0.5302085133209993
2024-02-28 09:30:00,0.8041588967730398,0.22064103629819712
2024-02-28 09:45:00,0.8257076286076177,0.7821431915343269
2024-02-28 10:00:00,0.3843260191617943,0.15007232766026507
2024-02-28 10:15:00,0.3950050335906635,0.722159360403777
2024-02-28 10:30:00,0.013083921116444311,0.7332630378111666
2024-02-28 10:45:00,0.6072934604590939,0.04204575617778117
2024-02-28 11:00:00,0.7582018545035945,0.5983300938848767
2024-02-28 11:15:00,0.18201178808603902,0.2331233139264866
2024-02-28 11:30:00,0.35907221272855117,0.7175372329527585
2024-02-28 11:45:00,0.7770255617635782,0.2501242800747704
2024-02-28 12:00:00,0.8157218808775437,0.5443150327583383
2024-02-28 12:15:00,0.18219687403342125,0.2670138374845259
2024-02-28 12:30:00,0.49000329922326413,0.027906097672120378
2024-02-28 12:45:00,0.13234187460958716,-0.00046182173130149273
2024-02-28 13:00:00,0.04214383380334996,0.22572573482655023
2024-02-28 13:15:00,0.8518022011616113,0.5559194600362624
2024-02-28 13:30:00,0.7616061165397502,0.40565030635499494
2024-02-28 13:45:00,0.7015507070958841,0.489385866594305
2024-02-28 14:00:00,-0.009300404448378777,0.08328439915411567
2024-02-28 14:15:00,0.7860798173675043,0.2826185583356209
2024-02-28 14:30:00,0.3808131229653697,-0.1541726932709487
2024-02-28 14:45:00,0.2855824652522282,0.619236922906929
2024-02-28 15:00:00,0.49008226838014435,0.7918927377532498
2024-02-28 15:15:00,0.03537798398582506,0.20919927483666156
2024-02-28 15:30:00,0.7010903910370783,-0.186372967870582
2024-02-28 15:45:00,0.5272982835148323,-0.027177325425622678
2024-02-28 16:00:00,0.1318729309642858,0.455947014395522
2024-02-28 16:15:00,0.13393492184949907,0.4159129556324406
2024-02-28 16:30:00,0.13037152016800435,0.592135207739862
2024-02-28 16:45:00,0.003545659187239286,0.05861464778445957
2024-02-28 17:00:00,0.5347623785703994,0.56884594421083
2024-02-28 17:15:00,0.7877330168711902,0.49370462766012924
2024-02-28 17:30:00,-0.03469578612948239,0.12906480665693726
2024-02-28 17:45:00,-0.002767946033942273,0.3522912220893335
2024-02-28 18:00:00,0.5214193412981388,-0.045347355893742086
2024-02-28 18:15:00,0.7685666501107798,0.2605420285716915
2024-02-28 18:30:00,0.2762319978952287,0.6897964109097366
2024-02-28 18:45:00,0.29952988921457113,0.23043478010381274
2024-02-28 19:00:00,0.5466846094511733,0.6494771416891826
2024-02-28 19:15:00,0.22497385908115974,0.400853462021754
2024-02-28 19:30:00,-0.022207571520973288,0.003189015934346201
2024-02-28 19:45:00,0.6868359053745128,0.39315321334661457
2024-02-28 20:00:00,0.5776808554976125,0.31878733592106245
2024-02-28 20:15:00,0.5332107252900569,0.21222466226296471
2024-02-28 20:30:00,0.6945628652816941,-0.06598472369099442
2024-02-28 20:45:00,0.6285338082657783,0.23191710438552585
2024-02-28 21:00:00,0.15960941563442183,-0.11118358349235466
2024-02-28 21:15:00,0.3066331514693364,-0.08430941327200456
2024-02-28 21:30:00,0.0806871415700053,0.23372735539560188
2024-02-28 21:45:00,0.08485912494711324,0.12410327778438138
2024-02-28 22:00:00,0.6316231837719969,0.7451986728161957
2024-02-28 22:15:00,0.8144530825074514,0.1963141702545228
2024-02-28 22:30:00,0.9190113076927438,0.5794418580908385
2024-02-28 22:45:00,0.5850517978577422,0.3528278706539539
2024-02-28 23:00:00,0.1412321662878834,0.5276837396959017
2024-02-28 23:15:00,0.06320755510733389,0.0847527781903355
2024-02-28 23:30:00,0.770834750009427,0.7676013658494425
2024-02-28 23:45:00,0.5371670236987017,0.3568652353511844
2024-02-29 00:00:00,0.5771225352382491,0.6592017741421801
2024-02-29 00:15:00,0.7407267658519422,0.1940448486984812
2024-02-29 00:30:00,0.6629692616554153,-0.06964768890436601
2024-02-29 00:45:00,0.7945778355230445,0.5050146351352258
2024-02-29 01:00:00,0.01676122675337713,-0.15975525864982734
2024-02-29 01:15:00,0.7084958845125294,0.30898011469813597
2024-02-29 01:30:00,0.8122561173691357,0.027710882359448658
2024-02-29 01:45:00,0.24796669855648953,0.463525976691776
2024-02-29 02:00:00,0.602707407873437,0.8168313411842463
2024-02-29 02:15:00,0.27685085518992864,0.30309472328557424
2024-02-29 02:30:00,0.9210886929579802,0.6574896231360553
2024-02-29 02:45:00,-0.003029790358414955,0.34909414924677684
2024-02-29 03:00:00,0.5437686653349286,0.3384874781705628
2024-02-29 03:15:00,0.13090872436924406,0.7744271548992275
2024-02-29 03:30:00,0.6770549077922143,0.7353443135720436
2024-02-29 03:45:00,0.14115467876151783,0.6325720979269931
2024-02-29 04:00:00,0.20107751535559162,0.14443881294519828
2024-02-29 04:15:00,0.46049508595726596,0.3946209732134765
2024-02-29 04:30:00,0.8813894076550948,0.07495718947304125
2024-02-29 04:45:00,0.17869917179710293,0.2964417814226328
2024-02-29 05:00:00,0.111655319953371,0.3382208304795016
2024-02-29 05:15:00,0.7268227850209183,0.6871478638820134
2024-02-29 05:30:00,0.4688962929274501,0.7530534471259919
2024-02-29 05:45:00,0.8804928314457303,0.2731794207798933
2024-02-29 06:00:00,0.1157533836861276,-0.12218508409380421
2024-02-29 06:15:00,0.6154979739509063,0.723452074308009
2024-02-29 06:30:00,0.20288062636718807,0.03754114132887515
2024-02-29 06:45:00,0.12719345098642204,0.486744931077135
2024-02-29 07:00:00,0.6542941203886659,-0.10854954247969048
2024-02-29 07:15:00,0.5649811467585734,0.26761851536155185
2024-02-29 07:30:00,0.7265559434964161,0.8557205240298991
2024-02-29 07:45:00,0.28162315447362973,-0.027882492554598293
2024-02-29 08:00:00,0.4205644598547947,0.29679604735121345
2024-02-29 08:15:00,0.37849683574202103,0.18194693928212982
2024-02-29 08:30:00,0.9575471077523794,0.7815941093014601
2024-02-29 08:45:00,0.26613921127559337,0.7475697902978209
2024-02-29 09:00:00,0.2691402279496014,0.11766663365634109
2024-02-29 09:15:00,0.32930405575397903,-0.03709186105661051
2024-02-29 09:30:00,0.5397829057331754,0.5106253034802789
2024-02-29 09:45:00,0.22794466435749142,0.22163604753674532
2024-02-29 10:00:00,0.8913450721952247,0.5591458092741471
2024-02-29 10:15:00,0.2421740224130811,-0.07901129901995647
2024-02-29 10:30:00,0.8727376267833481,0.024088934410711846
2024-02-29 10:45:00,0.08083050642781674,0.5788956976769087
2024-02-29 11:00:00,0.634351800556457,0.1067406789522939
2024-02-29 11:15:00,0.8852083777233517,0.7538168314338826
2024-02-29 11:30:00,0.14740616249910565,-0.04330847261549563
2024-02-29 11:45:00,0.9474176506376042,0.11546623567881091
2024-02-29 12:00:00,0.43240811694679526,0.900440019604175
2024-02-29 12:15:00,0.9256740284539859,0.33686307131272125
2024-02-29 12:30:00,0.6572132225462481,0.6086712822420891
2024-02-29 12:45:00,0.28241440104691784,0.09029854151121929
2024-02-29 13:00:00,0.16956449963348258,0.5194450958662891
2024-02-29 13:15:00,0.2854315537018149,0.6376340607223852
2024-02-29 13:30:00,0.07514853664811913,0.2279667906320776
2024-02-29 13:45:00,0.1264337987165368,0.7443597265356389
2024-02-29 14:00:00,0.08766106071672515,0.5208627154233247
2024-02-29 14:15:00,0.4063790330479574,0.3085604955721718
2024-02-29 14:30:00,0.7794488133687197,0.4790818177692747
2024-02-29 14:45:00,0.1256890159298688,0.5002115615004975
2024-02-29 15:00:00,0.11506099421463989,0.0910064081599087
2024-02-29 15:15:00,0.6286046825431518,0.33023275800643015
2024-02-29 15:30:00,0.18279395756016267,0.27296887855731583
2024-02-29 15:45:00,0.08365632477780198,0.3324873026660188
2024-02-29 16:00:00,0.15333024238889467,0.6947496016993719
2024-02-29 16:15:00,0.9106485019394303,0.41823975284426285
2024-02-29 16:30:00,0.8088238630097437,0.8780874843344506
2024-02-29 16:45:00,0.3418527369775423,0.23352513733219643
2024-02-29 17:00:00,0.6440445644828806,0.35763685502340925
2024-02-29 17:15:00,0.525935149426581,0.7309815517413109
2024-02-29 17:30:00,0.6662194718397818,0.4921474619160809
2024-02-29 17:45:00,0.6722021453396189,0.4952555554192317
2024-02-29 18:00:00,0.6187008423025608,0.0036782749595813125
2024-02-29 18:15:00,0.25650407791651403,0.351054388952853
2024-02-29 18:30:00,0.029845057974225382,0.22531073231311294
2024-02-29 18:45:00,0.4468413906536997,0.9560398031394126
2024-02-29 19:00:00,0.8826845063506703,0.26719258485683933
2024-02-29 19:15:00,0.5616439326431214,0.8454717825598886
2024-02-29 19:30:00,0.8249738056830601,0.6393513615160035
2024-02-29 19:45:00,0.9846432321146609,0.30618080453494634
2024-02-29 20:00:00,0.15707125170314137,0.5109496772093906
2024-02-29 20:15:00,0.6856688762807512,0.8101059608770609
2024-02-29 20:30:00,0.66862102949834,0.8550967831649972
2024-02-29 20:45:00,0.9747191488248158,0.13428412954235047
2024-02-29 21:00:00,0.9808007060191395,0.315628273024121
2024-02-29 21:15:00,0.6823148772446356,0.31344603949867916
2024-02-29 21:30:00,0.23968737173390922,0.02243797499214601
2024-02-29 21:45:00,0.7950647508131425,0.580803592225103
2024-02-29 22:00:00,0.10397439644651855,0.8395606140344918
2024-02-29 22:15:00,0.7780809305045641,0.36849149388817243
2024-02-29 22:30:00,0.908014127041945,0.7291311533413947
2024-02-29 22:45:00,0.38108778461913667,0.6189750222643313
2024-02-29 23:00:00,0.6293260800986051,0.3691037830578654
2024-02-29 23:15:00,0.42926991871073694,0.13669606501280332
2024-02-29 23:30:00,0.43732864725615006,0.7071418556732153
2024-02-29 23:45:00,0.31037088910812,0.8545651689412402
