x1,x2,x3,x4,x5,y
11.86,191.0,69.0,5.16,88.0,0.0
4.78,169.0,20.0,4.74,140.0,1.0
1.27,56.0,12.0,4.0,71.0,0.0
5.91,238.0,11.0,4.7,207.0,1.0
4.5,23.0,37.0,3.87,15.0,0.0
8.08,99.0,64.0,4.62,9.0,0.0
3.31,184.0,25.0,4.79,26.0,1.0
10.79,27.0,52.0,4.02,12.0,1.0
10.24,111.0,36.0,4.54,13.0,0.0
5.02,155.0,37.0,4.9,52.0,1.0
5.86,75.0,39.0,4.12,32.0,0.0
5.76,81.0,45.0,4.93,3.0,0.0
3.42,66.0,26.0,4.18,110.0,0.0
8.81,109.0,34.0,4.71,15.0,0.0
2.81,52.0,17.0,4.53,40.0,0.0
4.08,83.0,22.0,4.44,73.0,0.0
10.46,199.0,95.0,5.28,52.0,1.0
11.1,228.0,20.0,4.85,18.0,0.0
12.33,237.0,115.0,5.06,31.0,0.0
12.27,169.0,69.0,5.16,186.0,0.0
10.43,150.0,65.0,4.88,23.0,0.0
11.21,128.0,112.0,5.17,19.0,0.0
1.03,69.0,10.0,4.23,12.0,0.0
11.72,140.0,35.0,4.21,24.0,0.0
6.07,168.0,27.0,4.1,26.0,1.0
11.82,150.0,33.0,4.8,6.0,0.0
8.1,119.0,80.0,5.16,3.0,0.0
8.61,171.0,27.0,4.57,3.0,0.0
3.64,39.0,17.0,4.45,81.0,0.0
4.59,36.0,40.0,3.8,36.0,0.0
11.57,166.0,24.0,4.44,4.0,0.0
8.0,126.0,52.0,4.57,21.0,0.0
10.85,224.0,99.0,5.37,21.0,0.0
7.64,122.0,69.0,4.65,9.0,0.0
12.31,188.0,116.0,5.33,22.0,0.0
3.3,72.0,27.0,4.85,68.0,0.0
8.27,245.0,15.0,4.65,10.0,0.0
11.62,173.0,108.0,5.19,9.0,0.0
4.83,163.0,42.0,4.42,13.0,1.0
3.81,120.0,23.0,3.67,18.0,1.0
12.87,233.0,18.0,4.38,33.0,0.0
8.48,219.0,14.0,4.0,11.0,0.0
11.34,112.0,80.0,4.94,19.0,1.0
12.46,244.0,90.0,5.01,45.0,0.0
8.63,231.0,72.0,4.99,134.0,0.0
2.55,100.0,12.0,3.98,17.0,0.0
11.55,149.0,35.0,4.54,19.0,0.0
1.51,173.0,10.0,4.79,6.0,1.0
1.34,105.0,11.0,4.49,12.0,0.0
11.66,244.0,107.0,5.2,28.0,0.0
8.73,219.0,73.0,4.73,22.0,0.0
10.26,234.0,18.0,4.54,11.0,0.0
11.96,258.0,58.0,5.17,145.0,0.0
7.48,245.0,31.0,4.64,35.0,1.0
12.16,74.0,33.0,3.92,3.0,1.0
9.98,123.0,94.0,4.99,10.0,0.0
12.95,160.0,27.0,4.58,22.0,0.0
2.24,43.0,19.0,4.31,29.0,1.0
10.61,224.0,92.0,4.91,12.0,0.0
11.21,145.0,97.0,5.01,5.0,0.0
11.81,194.0,47.0,4.67,27.0,0.0
9.31,189.0,69.0,5.22,12.0,0.0
7.38,134.0,51.0,4.94,62.0,0.0
9.97,72.0,88.0,4.8,26.0,1.0
12.59,103.0,93.0,5.17,19.0,1.0
1.09,37.0,10.0,4.38,45.0,0.0
2.66,160.0,22.0,4.8,66.0,1.0
5.14,23.0,43.0,4.76,25.0,0.0
10.27,190.0,64.0,4.71,4.0,0.0
10.33,148.0,103.0,5.31,15.0,0.0
1.01,70.0,10.0,3.04,110.0,0.0
9.33,246.0,44.0,4.49,27.0,0.0
4.12,83.0,18.0,4.17,219.0,0.0
2.34,62.0,13.0,3.45,43.0,0.0
9.84,98.0,55.0,4.9,8.0,0.0
9.01,71.0,30.0,4.48,194.0,1.0
12.33,143.0,23.0,3.76,20.0,0.0
4.72,237.0,39.0,4.19,13.0,1.0
10.96,174.0,79.0,4.64,13.0,0.0
7.91,176.0,66.0,4.95,25.0,0.0
4.99,91.0,43.0,4.27,37.0,1.0
11.11,192.0,101.0,5.11,7.0,0.0
8.13,169.0,78.0,5.24,130.0,0.0
8.93,159.0,61.0,5.17,18.0,0.0
8.34,135.0,77.0,5.23,8.0,0.0
9.35,144.0,57.0,4.93,27.0,0.0
4.15,237.0,30.0,4.32,19.0,1.0
10.6,48.0,45.0,4.87,17.0,0.0
5.6,63.0,20.0,4.27,27.0,0.0
9.2,237.0,47.0,4.32,45.0,0.0
6.49,152.0,48.0,4.74,9.0,1.0
3.32,104.0,15.0,3.69,15.0,0.0
9.82,150.0,26.0,3.79,63.0,0.0
9.97,106.0,26.0,4.46,18.0,0.0
12.34,205.0,54.0,5.13,18.0,0.0
1.71,115.0,14.0,3.97,8.0,0.0
10.19,238.0,71.0,4.7,30.0,0.0
7.28,105.0,61.0,4.57,92.0,0.0
10.85,115.0,59.0,4.93,10.0,0.0
8.87,176.0,66.0,5.03,4.0,0.0
12.29,214.0,15.0,3.87,26.0,0.0
6.81,42.0,36.0,4.56,15.0,0.0
5.83,61.0,34.0,4.88,16.0,0.0
5.85,205.0,21.0,4.8,8.0,1.0
10.83,226.0,49.0,4.7,96.0,0.0
2.58,57.0,13.0,4.73,18.0,0.0
8.57,85.0,29.0,3.88,11.0,1.0
11.76,91.0,57.0,4.84,21.0,1.0
1.91,119.0,18.0,4.17,20.0,0.0
10.26,184.0,35.0,4.23,19.0,0.0
5.59,26.0,48.0,4.25,26.0,1.0
10.14,196.0,32.0,4.29,49.0,0.0
10.23,131.0,23.0,4.19,46.0,0.0
9.8,211.0,63.0,5.18,58.0,0.0
7.69,155.0,16.0,4.35,20.0,0.0
5.27,75.0,44.0,4.09,73.0,0.0
12.29,144.0,35.0,4.94,6.0,0.0
8.34,197.0,81.0,4.64,44.0,0.0
4.05,215.0,28.0,4.32,17.0,0.0
10.45,197.0,39.0,4.32,60.0,0.0
2.45,207.0,18.0,4.55,10.0,1.0
12.82,218.0,92.0,5.07,35.0,0.0
10.88,184.0,93.0,5.31,1.0,0.0
2.16,116.0,11.0,4.64,33.0,0.0
7.67,217.0,58.0,4.87,47.0,0.0
10.52,152.0,38.0,4.44,10.0,0.0
3.13,256.0,20.0,4.86,24.0,1.0
11.26,74.0,18.0,4.46,65.0,1.0
1.61,193.0,13.0,4.71,7.0,1.0
9.76,253.0,13.0,4.57,14.0,0.0
11.1,256.0,92.0,4.97,44.0,0.0
4.5,37.0,21.0,3.29,22.0,0.0
1.47,197.0,10.0,3.89,11.0,1.0
9.48,41.0,38.0,4.32,52.0,1.0
11.06,236.0,37.0,4.45,11.0,0.0
9.92,205.0,95.0,5.12,56.0,0.0
4.25,26.0,28.0,4.77,76.0,0.0
10.11,215.0,95.0,4.94,15.0,0.0
10.81,198.0,32.0,4.51,4.0,0.0
9.2,141.0,17.0,3.83,61.0,0.0
8.37,238.0,36.0,4.62,23.0,0.0
8.25,199.0,50.0,4.67,43.0,0.0
11.85,133.0,51.0,4.88,13.0,0.0
2.35,117.0,20.0,4.8,49.0,0.0
7.34,251.0,34.0,5.03,33.0,1.0
8.87,193.0,40.0,4.88,108.0,0.0
9.49,242.0,41.0,4.83,40.0,0.0
2.59,56.0,13.0,4.34,25.0,0.0
2.56,147.0,17.0,4.3,26.0,1.0
7.27,101.0,72.0,4.49,56.0,0.0
7.38,73.0,72.0,5.1,270.0,1.0
1.88,211.0,11.0,4.13,3.0,1.0
2.91,97.0,22.0,4.69,43.0,0.0
2.71,49.0,18.0,4.36,121.0,0.0
3.99,141.0,24.0,4.58,58.0,1.0
9.75,146.0,85.0,5.06,6.0,0.0
5.43,27.0,28.0,4.09,24.0,0.0
11.89,243.0,29.0,4.33,51.0,0.0
12.99,40.0,97.0,4.9,25.0,1.0
2.62,224.0,13.0,4.63,33.0,1.0
8.67,124.0,83.0,4.64,39.0,0.0
12.42,169.0,51.0,5.02,7.0,0.0
9.75,155.0,78.0,4.97,4.0,0.0
9.38,221.0,76.0,5.26,7.0,0.0
7.63,134.0,36.0,4.81,7.0,0.0
3.81,73.0,13.0,3.99,14.0,0.0
12.04,149.0,82.0,4.99,21.0,0.0
3.91,175.0,25.0,4.45,19.0,1.0
10.2,177.0,97.0,5.33,3.0,0.0
7.28,108.0,33.0,4.9,4.0,0.0
10.74,134.0,44.0,4.4,8.0,0.0
4.39,35.0,19.0,4.78,45.0,0.0
11.63,108.0,26.0,4.29,35.0,1.0
5.96,25.0,38.0,4.12,25.0,0.0
9.11,223.0,41.0,4.99,10.0,0.0
6.26,99.0,60.0,4.49,4.0,1.0
5.44,82.0,36.0,4.19,37.0,0.0
9.66,110.0,36.0,4.29,12.0,0.0
7.87,193.0,70.0,4.77,9.0,0.0
9.43,111.0,90.0,4.63,16.0,0.0
12.4,239.0,121.0,5.07,21.0,0.0
5.23,68.0,46.0,4.1,13.0,0.0
5.66,44.0,37.0,4.56,33.0,0.0
10.06,144.0,43.0,4.67,13.0,0.0
8.68,134.0,22.0,4.47,6.0,0.0
4.95,61.0,44.0,4.0,40.0,0.0
4.59,82.0,23.0,4.16,38.0,0.0
3.15,49.0,23.0,4.65,7.0,0.0
7.43,139.0,42.0,4.88,17.0,0.0
8.48,208.0,62.0,5.16,45.0,1.0
10.72,224.0,84.0,4.92,12.0,0.0
1.15,72.0,10.0,4.36,34.0,0.0
2.65,90.0,22.0,3.69,11.0,0.0
1.43,119.0,11.0,3.69,11.0,0.0
8.1,238.0,52.0,5.15,71.0,1.0
8.47,130.0,49.0,4.92,9.0,0.0
1.61,25.0,11.0,4.51,17.0,0.0
11.19,203.0,110.0,5.11,20.0,0.0
8.15,201.0,42.0,4.77,116.0,0.0
10.32,105.0,68.0,5.07,57.0,0.0
9.59,251.0,68.0,4.83,22.0,0.0
4.71,37.0,35.0,4.29,35.0,0.0
12.66,245.0,22.0,4.88,26.0,0.0
6.19,49.0,34.0,4.57,66.0,0.0
1.19,111.0,11.0,4.08,29.0,1.0
8.4,227.0,71.0,5.19,209.0,0.0
9.56,98.0,82.0,5.19,50.0,0.0
7.44,90.0,69.0,4.55,4.0,0.0
12.44,201.0,102.0,5.33,41.0,0.0
10.3,188.0,50.0,4.99,15.0,0.0
11.7,189.0,37.0,4.96,10.0,0.0
8.06,243.0,13.0,4.42,25.0,0.0
1.83,126.0,12.0,4.12,15.0,0.0
2.23,89.0,17.0,4.53,5.0,0.0
3.51,200.0,28.0,4.58,12.0,1.0
8.91,258.0,76.0,4.76,152.0,0.0
4.71,78.0,36.0,3.85,1.0,0.0
4.95,42.0,37.0,4.49,6.0,0.0
11.81,58.0,32.0,4.71,4.0,1.0
10.76,206.0,65.0,5.06,22.0,0.0
8.58,44.0,14.0,4.12,6.0,1.0
2.85,116.0,21.0,4.73,17.0,1.0
5.38,116.0,27.0,4.92,18.0,1.0
9.69,220.0,15.0,4.76,30.0,0.0
11.9,228.0,117.0,5.44,39.0,0.0
1.42,129.0,11.0,3.62,66.0,0.0
1.05,56.0,10.0,4.58,92.0,0.0
10.7,239.0,24.0,4.62,31.0,0.0
8.29,142.0,46.0,4.71,33.0,0.0
9.83,116.0,41.0,4.51,26.0,0.0
5.62,186.0,27.0,4.77,167.0,1.0
6.17,94.0,55.0,5.09,77.0,1.0
2.15,103.0,19.0,4.2,44.0,0.0
10.03,222.0,59.0,5.05,35.0,0.0
4.84,136.0,26.0,3.81,11.0,1.0
2.38,39.0,19.0,4.11,8.0,0.0
6.91,250.0,25.0,4.58,70.0,1.0
7.83,132.0,11.0,4.73,9.0,0.0
10.34,235.0,69.0,5.02,106.0,0.0
11.42,162.0,28.0,4.84,35.0,0.0
9.39,155.0,60.0,4.83,10.0,0.0
9.68,253.0,75.0,4.98,258.0,0.0
2.37,57.0,20.0,4.66,8.0,0.0
3.47,121.0,17.0,4.18,27.0,1.0
4.65,60.0,45.0,4.9,30.0,0.0
9.39,251.0,66.0,5.21,22.0,0.0
11.53,129.0,60.0,4.9,78.0,0.0
9.2,120.0,68.0,4.5,3.0,0.0
4.01,29.0,24.0,4.12,25.0,0.0
2.37,44.0,23.0,4.37,24.0,0.0
6.33,194.0,49.0,5.04,16.0,1.0
5.66,248.0,20.0,4.75,34.0,1.0
5.88,95.0,15.0,4.23,97.0,1.0
1.87,22.0,13.0,4.49,28.0,0.0
7.89,135.0,29.0,4.94,57.0,0.0
10.45,234.0,17.0,4.18,63.0,0.0
9.74,161.0,93.0,4.96,36.0,1.0
2.0,41.0,14.0,4.26,9.0,0.0
12.63,95.0,42.0,4.7,83.0,1.0
9.3,160.0,39.0,4.58,4.0,1.0
8.4,157.0,62.0,4.97,26.0,0.0
8.24,185.0,66.0,4.61,5.0,0.0
8.05,53.0,18.0,3.53,41.0,1.0
9.79,216.0,83.0,4.75,14.0,0.0
3.99,171.0,25.0,3.91,9.0,1.0
7.54,169.0,45.0,5.09,14.0,0.0
9.08,194.0,91.0,5.14,47.0,0.0
1.36,86.0,11.0,3.17,3.0,0.0
4.28,88.0,38.0,4.48,47.0,0.0
2.19,44.0,13.0,4.58,29.0,0.0
2.43,84.0,20.0,4.63,24.0,0.0
7.28,130.0,11.0,3.53,62.0,0.0
1.63,49.0,11.0,3.59,5.0,0.0
7.93,66.0,16.0,4.25,10.0,1.0
6.14,48.0,27.0,4.84,17.0,0.0
12.53,148.0,56.0,4.76,22.0,0.0
9.08,130.0,72.0,4.61,80.0,0.0
2.57,183.0,17.0,3.61,49.0,1.0
6.12,23.0,44.0,4.82,69.0,0.0
10.0,240.0,17.0,4.47,27.0,0.0
1.72,114.0,16.0,3.56,11.0,0.0
8.7,128.0,64.0,4.96,12.0,0.0
11.29,163.0,70.0,4.78,120.0,0.0
12.18,150.0,29.0,4.78,10.0,0.0
3.92,237.0,12.0,3.8,15.0,1.0
2.66,89.0,23.0,4.33,14.0,0.0
12.27,183.0,32.0,4.73,70.0,0.0
9.38,193.0,36.0,5.01,13.0,0.0
8.32,88.0,19.0,4.42,106.0,0.0
1.67,123.0,13.0,4.64,28.0,0.0
1.16,20.0,10.0,3.49,14.0,0.0
9.52,142.0,76.0,5.22,11.0,0.0
11.92,92.0,58.0,4.28,87.0,1.0
6.44,51.0,29.0,4.12,14.0,0.0
9.88,176.0,40.0,4.75,33.0,0.0
6.61,198.0,56.0,5.0,7.0,1.0
9.55,236.0,10.0,4.33,44.0,0.0
7.43,215.0,11.0,4.84,14.0,1.0
8.87,151.0,36.0,4.01,118.0,0.0
8.71,238.0,21.0,4.25,10.0,0.0
12.65,170.0,114.0,4.89,14.0,0.0
9.03,198.0,49.0,4.55,128.0,0.0
7.81,158.0,46.0,4.5,56.0,0.0
6.08,42.0,33.0,4.0,47.0,0.0
8.14,120.0,34.0,4.67,141.0,0.0
6.42,32.0,58.0,4.3,17.0,0.0
9.52,241.0,40.0,4.4,15.0,0.0
7.0,194.0,29.0,4.81,85.0,1.0
7.75,152.0,53.0,4.58,44.0,0.0
12.54,161.0,20.0,4.68,9.0,0.0
4.41,36.0,38.0,4.4,2.0,0.0
7.84,149.0,18.0,3.98,22.0,0.0
6.64,78.0,20.0,4.34,23.0,1.0
7.58,202.0,38.0,4.49,13.0,1.0
10.7,257.0,63.0,4.58,30.0,0.0
2.36,69.0,12.0,4.52,27.0,0.0
9.79,182.0,17.0,4.22,112.0,0.0
12.61,222.0,43.0,5.06,31.0,0.0
4.59,82.0,32.0,4.77,7.0,0.0
9.95,122.0,63.0,4.61,11.0,0.0
10.74,226.0,33.0,4.66,21.0,0.0
5.95,68.0,16.0,4.03,23.0,0.0
8.29,90.0,36.0,4.41,5.0,0.0
8.32,213.0,43.0,4.91,53.0,0.0
6.95,85.0,52.0,4.34,51.0,1.0
7.44,117.0,48.0,4.68,40.0,0.0
9.66,190.0,73.0,4.65,13.0,0.0
3.5,97.0,12.0,3.43,19.0,0.0
10.24,178.0,91.0,5.33,40.0,0.0
10.59,126.0,94.0,5.21,7.0,0.0
8.3,256.0,13.0,4.67,31.0,0.0
11.07,126.0,110.0,5.38,15.0,0.0
3.87,38.0,17.0,4.23,161.0,0.0
9.23,163.0,16.0,3.97,5.0,0.0
11.71,175.0,87.0,4.74,9.0,0.0
6.69,219.0,33.0,4.53,41.0,1.0
6.34,46.0,42.0,3.88,32.0,0.0
10.1,196.0,75.0,5.25,23.0,0.0
9.66,225.0,49.0,4.33,45.0,0.0
5.47,140.0,31.0,4.8,29.0,1.0
4.61,23.0,43.0,4.8,20.0,0.0
11.79,213.0,51.0,5.06,46.0,0.0
7.47,81.0,58.0,5.11,11.0,1.0
7.38,134.0,65.0,4.68,17.0,0.0
11.97,230.0,50.0,4.7,15.0,0.0
7.46,116.0,24.0,4.33,4.0,0.0
10.34,81.0,64.0,5.01,105.0,1.0
8.66,93.0,85.0,4.77,34.0,0.0
9.77,41.0,47.0,3.97,50.0,1.0
5.47,152.0,46.0,4.79,39.0,1.0
3.16,244.0,13.0,4.49,44.0,1.0
11.33,203.0,40.0,5.02,156.0,0.0
6.03,51.0,27.0,4.51,25.0,0.0
2.78,47.0,11.0,4.3,33.0,0.0
10.95,151.0,43.0,4.68,19.0,0.0
2.82,194.0,25.0,4.41,53.0,1.0
8.42,180.0,83.0,5.22,18.0,0.0
2.41,68.0,16.0,3.61,41.0,0.0
12.0,248.0,83.0,5.14,32.0,0.0
9.29,171.0,92.0,4.76,5.0,0.0
12.25,81.0,12.0,3.88,7.0,1.0
7.68,116.0,29.0,4.67,20.0,0.0
1.89,197.0,11.0,3.88,5.0,0.0
5.43,192.0,26.0,4.12,24.0,1.0
2.95,27.0,11.0,3.63,45.0,0.0
2.17,191.0,17.0,4.03,14.0,1.0
5.15,206.0,48.0,4.45,18.0,1.0
10.06,121.0,95.0,5.19,11.0,0.0
11.2,164.0,24.0,4.46,2.0,0.0
4.51,63.0,25.0,3.88,165.0,0.0
11.01,186.0,44.0,4.45,19.0,0.0
1.38,106.0,13.0,4.69,5.0,0.0
4.62,79.0,11.0,3.99,22.0,0.0
8.28,122.0,47.0,4.92,14.0,0.0
8.46,212.0,16.0,4.21,4.0,0.0
7.7,208.0,41.0,4.48,2.0,0.0
9.45,215.0,19.0,3.88,12.0,0.0
4.14,24.0,10.0,4.63,26.0,0.0
2.37,48.0,22.0,4.56,67.0,0.0
11.62,231.0,51.0,5.1,12.0,0.0
9.93,109.0,57.0,4.79,7.0,0.0
12.5,70.0,54.0,4.73,24.0,1.0
4.33,91.0,15.0,4.58,19.0,0.0
4.27,186.0,25.0,4.67,7.0,1.0
12.82,252.0,92.0,5.22,16.0,0.0
3.43,20.0,31.0,4.2,7.0,0.0
10.09,71.0,83.0,4.99,19.0,1.0
7.78,134.0,75.0,4.54,18.0,0.0
2.44,87.0,10.0,3.73,103.0,0.0
2.82,111.0,12.0,4.24,3.0,0.0
8.79,198.0,77.0,5.09,19.0,0.0
11.24,139.0,52.0,4.6,29.0,0.0
8.33,175.0,33.0,4.48,9.0,0.0
12.17,160.0,50.0,4.52,97.0,0.0
3.56,34.0,31.0,4.07,2.0,0.0
8.67,61.0,22.0,4.57,7.0,1.0
11.13,103.0,37.0,4.27,28.0,1.0
10.62,145.0,54.0,4.71,8.0,1.0
9.41,76.0,38.0,4.35,6.0,1.0
9.26,186.0,60.0,5.1,4.0,0.0
8.48,230.0,79.0,5.25,18.0,0.0
2.03,72.0,15.0,4.55,12.0,0.0
5.66,132.0,26.0,4.5,1.0,1.0
11.09,165.0,70.0,4.63,110.0,0.0
6.34,84.0,38.0,4.0,8.0,1.0
12.56,236.0,105.0,5.0,10.0,0.0
12.62,183.0,62.0,4.81,84.0,0.0
10.15,63.0,72.0,5.16,79.0,1.0
1.7,109.0,12.0,4.17,20.0,0.0
4.6,90.0,34.0,4.4,10.0,1.0
7.86,207.0,39.0,4.58,18.0,0.0
2.98,107.0,29.0,4.51,15.0,0.0
9.11,136.0,53.0,4.5,30.0,0.0
6.27,67.0,59.0,4.76,15.0,0.0
9.19,169.0,71.0,4.77,6.0,0.0
4.2,220.0,38.0,4.93,20.0,1.0
3.33,70.0,15.0,4.59,4.0,0.0
3.68,91.0,12.0,4.76,90.0,0.0
3.39,199.0,32.0,4.82,20.0,1.0
10.42,232.0,32.0,4.49,16.0,0.0
10.55,185.0,104.0,5.27,10.0,1.0
7.47,57.0,64.0,4.72,10.0,1.0
10.39,241.0,53.0,4.89,20.0,0.0
12.05,88.0,23.0,4.44,12.0,1.0
11.08,117.0,82.0,4.97,28.0,0.0
11.72,58.0,116.0,4.91,30.0,1.0
7.26,241.0,55.0,5.04,63.0,1.0
11.24,184.0,49.0,4.25,5.0,0.0
1.42,33.0,13.0,4.52,32.0,0.0
8.19,102.0,23.0,4.06,26.0,0.0
3.14,103.0,29.0,4.8,61.0,0.0
10.38,153.0,36.0,4.37,5.0,0.0
2.4,107.0,23.0,4.46,8.0,0.0
2.63,37.0,18.0,3.43,81.0,0.0
2.2,187.0,14.0,4.8,122.0,1.0
9.35,161.0,19.0,3.86,26.0,0.0
7.64,160.0,66.0,5.19,36.0,0.0
8.27,245.0,12.0,4.13,65.0,0.0
9.13,216.0,70.0,4.6,116.0,0.0
11.95,189.0,115.0,5.05,44.0,0.0
11.19,247.0,103.0,4.95,18.0,0.0
7.93,149.0,68.0,4.64,7.0,0.0
12.12,245.0,94.0,5.19,23.0,0.0
4.67,54.0,36.0,4.51,9.0,0.0
9.56,137.0,78.0,4.59,29.0,0.0
9.11,80.0,34.0,4.9,9.0,0.0
10.43,196.0,41.0,4.39,10.0,0.0
5.38,51.0,11.0,4.19,13.0,0.0
11.42,159.0,43.0,4.7,220.0,0.0
5.07,224.0,16.0,4.62,110.0,1.0
9.25,115.0,34.0,4.93,131.0,0.0
11.8,222.0,66.0,5.23,4.0,0.0
3.47,167.0,10.0,4.73,90.0,1.0
4.25,90.0,20.0,3.88,38.0,0.0
8.59,218.0,40.0,4.65,1.0,0.0
5.38,60.0,24.0,4.28,39.0,0.0
8.39,161.0,51.0,4.95,42.0,0.0
7.92,129.0,61.0,5.05,37.0,0.0
9.61,244.0,18.0,4.27,14.0,0.0
5.14,188.0,45.0,5.04,47.0,1.0
11.08,221.0,74.0,4.99,71.0,0.0
10.23,235.0,72.0,4.91,14.0,0.0
12.56,199.0,89.0,5.25,9.0,0.0
8.08,22.0,15.0,4.21,24.0,1.0
3.82,107.0,16.0,3.5,4.0,1.0
11.5,143.0,84.0,5.0,14.0,0.0
9.61,21.0,60.0,4.51,15.0,1.0
2.21,147.0,13.0,3.57,45.0,1.0
4.66,117.0,12.0,3.95,28.0,1.0
7.54,86.0,75.0,5.09,64.0,0.0
4.62,27.0,13.0,4.73,169.0,0.0
8.13,94.0,70.0,4.48,29.0,0.0
10.26,198.0,53.0,4.67,5.0,0.0
8.88,161.0,67.0,4.79,28.0,0.0
3.41,70.0,13.0,4.74,2.0,0.0
10.17,154.0,64.0,4.97,74.0,0.0
1.58,127.0,11.0,3.72,22.0,0.0
3.03,109.0,13.0,4.38,62.0,0.0
10.08,247.0,96.0,5.35,65.0,0.0
1.19,93.0,11.0,4.55,187.0,0.0
2.65,91.0,10.0,3.33,3.0,0.0
8.94,237.0,15.0,3.67,53.0,0.0
8.22,199.0,41.0,4.8,12.0,1.0
10.65,199.0,43.0,5.03,7.0,0.0
2.21,101.0,13.0,4.05,16.0,0.0
2.79,58.0,13.0,3.6,3.0,0.0
2.16,119.0,18.0,4.79,9.0,0.0
10.81,211.0,51.0,4.58,40.0,0.0
8.35,100.0,59.0,4.71,9.0,0.0
10.44,159.0,61.0,4.88,12.0,0.0
3.95,71.0,14.0,3.46,4.0,0.0
2.19,93.0,17.0,4.63,15.0,0.0
9.75,128.0,47.0,4.13,129.0,0.0
1.97,29.0,14.0,3.99,73.0,0.0
1.04,82.0,10.0,4.2,21.0,0.0
9.94,169.0,89.0,5.07,36.0,0.0
8.11,173.0,53.0,4.83,68.0,0.0
3.37,23.0,32.0,3.58,5.0,0.0
9.77,207.0,89.0,5.3,30.0,0.0
8.21,139.0,11.0,4.11,36.0,0.0
12.53,242.0,111.0,5.4,41.0,0.0
7.98,225.0,33.0,5.0,63.0,0.0
3.82,80.0,18.0,3.29,44.0,0.0
8.31,157.0,79.0,4.65,7.0,0.0
5.59,71.0,17.0,3.74,28.0,0.0
3.74,37.0,30.0,3.92,47.0,0.0
3.54,57.0,28.0,4.11,34.0,0.0
2.73,103.0,13.0,3.92,59.0,0.0
9.37,226.0,82.0,4.78,9.0,0.0
1.69,53.0,15.0,3.89,33.0,0.0
1.78,64.0,15.0,4.78,17.0,0.0
11.68,181.0,108.0,4.84,9.0,0.0
4.9,82.0,18.0,4.66,8.0,0.0
12.95,168.0,76.0,5.14,50.0,1.0
9.81,190.0,58.0,4.39,37.0,0.0
2.87,75.0,24.0,4.58,9.0,0.0
2.45,106.0,18.0,4.57,32.0,0.0
9.43,151.0,53.0,4.77,74.0,0.0
9.61,217.0,86.0,5.2,16.0,0.0
11.12,192.0,21.0,4.51,81.0,0.0
8.19,151.0,64.0,5.16,116.0,0.0
7.61,97.0,26.0,4.5,4.0,0.0
9.76,28.0,43.0,4.77,30.0,1.0
3.34,82.0,13.0,3.52,24.0,0.0
10.96,195.0,43.0,4.31,25.0,0.0
12.88,166.0,72.0,4.72,11.0,0.0
9.0,175.0,85.0,5.09,35.0,0.0
6.94,159.0,49.0,4.48,31.0,1.0
12.94,232.0,124.0,5.1,6.0,0.0
12.81,238.0,21.0,4.26,9.0,0.0
11.52,150.0,13.0,4.47,21.0,0.0
4.03,93.0,34.0,4.45,36.0,0.0
5.42,78.0,45.0,4.39,21.0,0.0
6.57,37.0,31.0,4.66,2.0,0.0
7.12,154.0,31.0,4.1,22.0,1.0
2.78,64.0,17.0,4.79,52.0,0.0
1.58,55.0,13.0,4.47,7.0,0.0
9.95,257.0,83.0,5.14,4.0,0.0
9.94,126.0,42.0,4.86,17.0,0.0
7.93,176.0,15.0,3.57,7.0,0.0
1.83,102.0,18.0,3.88,5.0,0.0
12.45,198.0,76.0,5.22,446.0,0.0
1.01,125.0,10.0,3.19,8.0,0.0
11.21,199.0,102.0,4.97,2.0,0.0
8.64,134.0,86.0,5.17,94.0,0.0
1.02,187.0,10.0,4.44,3.0,1.0
9.99,199.0,64.0,4.62,24.0,0.0
6.62,60.0,17.0,4.0,1.0,0.0
11.6,237.0,104.0,5.33,40.0,0.0
9.3,103.0,50.0,4.94,33.0,0.0
10.9,125.0,90.0,5.13,11.0,0.0
5.96,154.0,35.0,4.19,13.0,1.0
6.38,25.0,45.0,4.89,9.0,0.0
10.69,228.0,85.0,4.78,10.0,0.0
11.63,153.0,28.0,4.11,4.0,0.0
4.04,90.0,35.0,4.54,22.0,0.0
7.88,94.0,34.0,4.67,9.0,0.0
10.71,177.0,95.0,4.77,25.0,0.0
6.36,224.0,30.0,4.72,11.0,1.0
1.46,230.0,12.0,4.84,15.0,1.0
9.84,231.0,32.0,4.78,5.0,0.0
10.72,246.0,56.0,4.46,7.0,0.0
8.4,241.0,63.0,4.91,5.0,0.0
8.91,141.0,74.0,4.88,105.0,0.0
8.89,94.0,65.0,4.59,13.0,0.0
12.34,171.0,97.0,5.27,10.0,0.0
10.78,160.0,59.0,5.02,7.0,0.0
1.17,74.0,11.0,4.51,10.0,0.0
1.46,76.0,10.0,3.98,10.0,0.0
8.85,204.0,66.0,4.96,25.0,0.0
10.47,212.0,51.0,4.74,25.0,0.0
10.95,167.0,72.0,5.01,56.0,0.0
10.17,183.0,66.0,5.02,6.0,0.0
5.74,174.0,16.0,4.32,3.0,1.0
1.5,111.0,12.0,4.17,38.0,0.0
4.38,221.0,28.0,4.67,66.0,1.0
2.6,129.0,12.0,4.21,26.0,1.0
10.25,143.0,50.0,4.34,94.0,0.0
12.16,210.0,55.0,4.42,99.0,0.0
5.04,25.0,25.0,3.69,6.0,0.0
9.53,150.0,15.0,4.55,3.0,0.0
6.17,51.0,49.0,4.54,54.0,0.0
12.57,239.0,18.0,4.74,34.0,0.0
3.24,166.0,24.0,4.9,14.0,1.0
1.73,140.0,16.0,3.41,40.0,1.0
11.41,227.0,112.0,5.35,18.0,0.0
4.27,23.0,10.0,4.62,185.0,0.0
10.41,116.0,26.0,4.74,58.0,0.0
3.87,95.0,35.0,3.94,19.0,0.0
7.13,150.0,26.0,4.92,7.0,1.0
10.75,140.0,19.0,4.71,11.0,0.0
8.48,174.0,55.0,4.8,59.0,0.0
11.83,248.0,61.0,4.94,35.0,0.0
11.7,153.0,54.0,4.4,61.0,0.0
9.4,163.0,71.0,4.71,46.0,0.0
9.47,222.0,83.0,4.92,12.0,0.0
11.77,194.0,56.0,4.58,28.0,0.0
10.05,137.0,25.0,4.78,46.0,0.0
12.74,241.0,24.0,4.33,7.0,0.0
2.98,86.0,23.0,3.54,10.0,0.0
11.04,208.0,43.0,4.32,23.0,0.0
7.42,146.0,31.0,4.79,32.0,0.0
9.62,97.0,54.0,4.96,49.0,0.0
10.69,253.0,52.0,5.09,9.0,0.0
11.34,174.0,12.0,4.13,68.0,0.0
9.24,138.0,17.0,4.46,107.0,0.0
4.26,228.0,12.0,4.69,9.0,1.0
9.72,127.0,96.0,5.32,26.0,0.0
9.86,162.0,68.0,4.5,6.0,0.0
3.08,81.0,11.0,4.11,29.0,0.0
11.9,234.0,15.0,4.75,53.0,0.0
12.72,170.0,115.0,5.27,42.0,0.0
9.03,154.0,87.0,4.82,9.0,0.0
8.19,151.0,39.0,4.36,15.0,0.0
11.01,169.0,38.0,4.67,23.0,0.0
5.42,42.0,41.0,4.8,23.0,0.0
8.29,89.0,26.0,4.71,128.0,0.0
10.44,134.0,43.0,5.02,5.0,0.0
10.74,127.0,45.0,4.9,41.0,0.0
4.99,42.0,43.0,3.88,28.0,0.0
8.32,117.0,74.0,4.94,41.0,0.0
1.6,92.0,11.0,4.32,15.0,0.0
9.85,190.0,19.0,3.9,114.0,0.0
8.45,189.0,32.0,4.27,30.0,0.0
10.5,181.0,56.0,4.41,42.0,0.0
1.27,165.0,12.0,4.85,37.0,1.0
8.77,143.0,87.0,5.23,16.0,0.0
1.24,93.0,12.0,3.24,12.0,0.0
8.41,220.0,48.0,5.0,9.0,0.0
6.92,208.0,20.0,4.92,196.0,1.0
6.85,175.0,38.0,4.63,99.0,1.0
8.55,100.0,26.0,4.69,43.0,0.0
4.84,20.0,11.0,3.88,16.0,0.0
7.8,120.0,43.0,4.26,9.0,0.0
8.09,179.0,65.0,5.04,44.0,0.0
6.48,34.0,55.0,4.32,17.0,0.0
7.48,80.0,33.0,4.71,25.0,0.0
10.01,183.0,19.0,4.42,73.0,0.0
4.31,21.0,31.0,3.75,21.0,0.0
5.48,238.0,46.0,4.97,73.0,1.0
1.02,47.0,10.0,3.66,21.0,0.0
7.64,95.0,60.0,4.42,23.0,0.0
7.52,94.0,75.0,4.98,9.0,0.0
1.4,104.0,12.0,4.53,28.0,0.0
2.63,89.0,25.0,4.28,16.0,0.0
4.18,86.0,32.0,3.9,89.0,0.0
4.23,73.0,27.0,4.39,101.0,0.0
9.13,215.0,10.0,4.22,35.0,0.0
4.46,50.0,21.0,4.24,101.0,0.0
3.96,68.0,39.0,4.52,4.0,0.0
6.8,34.0,12.0,4.28,8.0,0.0
10.51,127.0,13.0,3.56,55.0,0.0
2.31,80.0,17.0,4.68,30.0,0.0
8.93,165.0,78.0,5.08,53.0,0.0
2.34,122.0,20.0,4.46,12.0,1.0
9.9,235.0,43.0,4.81,9.0,0.0
11.14,204.0,49.0,4.52,12.0,0.0
1.74,88.0,17.0,3.98,1.0,0.0
11.06,215.0,32.0,4.88,32.0,0.0
9.91,27.0,94.0,4.93,39.0,1.0
11.33,241.0,36.0,4.48,48.0,0.0
11.35,147.0,76.0,5.24,14.0,0.0
10.02,116.0,71.0,4.87,45.0,0.0
11.4,42.0,50.0,4.94,12.0,1.0
7.7,167.0,20.0,4.37,56.0,0.0
11.66,192.0,66.0,5.05,8.0,0.0
8.12,83.0,37.0,4.79,64.0,0.0
11.1,119.0,92.0,4.83,11.0,0.0
2.52,234.0,17.0,4.7,18.0,1.0
12.16,140.0,50.0,4.96,19.0,1.0
5.34,139.0,22.0,4.42,20.0,1.0
10.35,186.0,56.0,4.99,65.0,0.0
1.66,59.0,12.0,3.38,18.0,0.0
11.78,130.0,74.0,4.57,29.0,0.0
2.65,74.0,13.0,3.29,10.0,0.0
2.1,146.0,16.0,4.74,29.0,1.0
4.78,25.0,45.0,3.94,42.0,0.0
3.89,206.0,34.0,4.41,26.0,1.0
2.44,95.0,20.0,4.49,6.0,0.0
10.0,246.0,60.0,5.06,248.0,0.0
1.25,64.0,12.0,4.7,158.0,0.0
7.54,157.0,74.0,5.02,16.0,0.0
12.19,168.0,83.0,5.27,1.0,0.0
1.01,65.0,10.0,4.29,46.0,0.0
11.26,227.0,35.0,5.03,19.0,0.0
10.92,142.0,22.0,4.69,11.0,0.0
8.2,159.0,78.0,4.96,10.0,0.0
8.58,235.0,31.0,4.74,25.0,0.0
11.96,171.0,20.0,4.22,53.0,0.0
2.07,31.0,19.0,3.7,16.0,0.0
10.49,198.0,31.0,3.94,121.0,0.0
2.86,104.0,14.0,3.99,11.0,0.0
10.04,99.0,15.0,4.35,6.0,1.0
4.2,70.0,26.0,3.8,28.0,0.0
8.02,75.0,53.0,4.86,48.0,1.0
2.3,82.0,20.0,4.69,10.0,0.0
4.0,39.0,22.0,4.05,31.0,0.0
9.06,152.0,72.0,4.86,72.0,0.0
9.96,254.0,26.0,4.46,73.0,0.0
4.14,157.0,27.0,4.81,68.0,1.0
8.4,219.0,65.0,4.9,92.0,0.0
9.91,151.0,86.0,4.69,68.0,0.0
7.77,45.0,61.0,4.91,5.0,1.0
5.76,45.0,47.0,4.74,6.0,0.0
10.36,254.0,90.0,5.01,47.0,0.0
10.83,166.0,96.0,5.07,27.0,0.0
11.9,70.0,108.0,5.25,24.0,1.0
1.94,178.0,19.0,3.64,4.0,1.0
7.32,92.0,13.0,3.18,13.0,0.0
2.09,81.0,17.0,4.48,126.0,0.0
3.27,194.0,21.0,4.84,37.0,1.0
10.67,121.0,57.0,4.97,200.0,0.0
5.43,26.0,46.0,4.59,51.0,0.0
12.84,197.0,43.0,4.81,12.0,0.0
4.15,96.0,29.0,4.6,132.0,1.0
3.36,79.0,21.0,4.76,10.0,0.0
10.12,231.0,24.0,4.55,28.0,0.0
4.78,92.0,19.0,4.75,24.0,1.0
8.83,246.0,57.0,4.88,11.0,0.0
9.87,104.0,11.0,4.44,15.0,0.0
10.4,184.0,97.0,4.88,9.0,0.0
10.33,63.0,29.0,4.82,19.0,1.0
6.01,36.0,42.0,4.79,27.0,0.0
3.69,118.0,14.0,3.43,203.0,1.0
9.03,104.0,11.0,4.31,7.0,0.0
5.31,86.0,19.0,4.64,23.0,1.0
4.27,74.0,22.0,4.1,6.0,0.0
10.27,162.0,37.0,4.49,111.0,0.0
1.06,155.0,10.0,3.47,50.0,1.0
9.9,179.0,38.0,4.08,30.0,0.0
12.13,247.0,57.0,4.78,68.0,0.0
8.34,196.0,62.0,5.18,9.0,0.0
9.66,201.0,46.0,4.97,42.0,0.0
7.41,136.0,58.0,4.8,17.0,0.0
10.29,111.0,54.0,5.09,4.0,0.0
9.06,194.0,16.0,4.61,18.0,0.0
6.17,36.0,37.0,4.36,18.0,0.0
2.53,72.0,15.0,4.41,10.0,0.0
8.03,118.0,38.0,4.33,9.0,0.0
8.33,104.0,25.0,4.24,13.0,0.0
8.55,137.0,65.0,5.14,19.0,0.0
2.11,119.0,13.0,4.59,13.0,0.0
9.77,96.0,94.0,5.08,35.0,1.0
1.69,212.0,13.0,3.63,50.0,1.0
9.33,257.0,23.0,4.83,34.0,0.0
3.3,60.0,11.0,3.17,11.0,0.0
6.53,28.0,29.0,4.5,102.0,0.0
7.83,185.0,74.0,4.91,254.0,0.0
11.56,244.0,29.0,4.94,12.0,0.0
5.12,216.0,43.0,4.21,125.0,1.0
9.2,191.0,41.0,4.51,7.0,0.0
1.43,174.0,13.0,4.04,10.0,1.0
3.43,33.0,28.0,3.56,6.0,0.0
9.01,143.0,46.0,4.56,29.0,0.0
3.87,61.0,37.0,4.94,19.0,0.0
12.32,142.0,115.0,5.37,19.0,0.0
6.27,145.0,53.0,4.78,3.0,1.0
10.71,185.0,32.0,4.97,6.0,0.0
10.54,260.0,100.0,4.89,25.0,0.0
10.78,202.0,62.0,5.06,78.0,0.0
4.55,35.0,18.0,4.68,17.0,0.0
5.46,28.0,20.0,4.42,123.0,0.0
11.84,157.0,69.0,4.56,6.0,0.0
6.67,103.0,25.0,4.77,11.0,1.0
9.91,120.0,57.0,4.24,11.0,0.0
10.65,110.0,25.0,4.83,15.0,0.0
7.88,159.0,35.0,4.76,25.0,0.0
12.02,257.0,81.0,5.26,44.0,0.0
8.21,120.0,64.0,5.02,15.0,0.0
11.49,243.0,74.0,5.06,8.0,0.0
4.85,50.0,30.0,3.62,33.0,0.0
4.75,23.0,27.0,4.05,240.0,0.0
9.59,130.0,21.0,4.8,78.0,0.0
9.06,140.0,38.0,4.81,4.0,0.0
10.03,52.0,90.0,5.21,19.0,1.0
10.29,234.0,15.0,4.92,86.0,0.0
8.19,146.0,34.0,4.53,32.0,0.0
7.99,89.0,49.0,4.59,43.0,0.0
2.87,62.0,12.0,2.99,12.0,0.0
11.08,245.0,34.0,4.57,28.0,0.0
12.36,173.0,101.0,5.15,1.0,0.0
9.33,99.0,90.0,4.88,34.0,0.0
8.96,90.0,49.0,4.84,18.0,0.0
11.39,215.0,33.0,4.18,6.0,0.0
8.61,141.0,61.0,4.62,19.0,0.0
4.31,48.0,26.0,4.8,13.0,0.0
12.83,165.0,109.0,5.23,1.0,0.0
5.43,204.0,19.0,4.51,192.0,1.0
11.69,253.0,105.0,5.09,40.0,0.0
5.41,141.0,52.0,4.77,11.0,1.0
11.9,260.0,64.0,4.79,14.0,0.0
1.05,125.0,10.0,4.44,29.0,0.0
2.61,78.0,17.0,4.62,7.0,0.0
7.87,146.0,11.0,3.79,125.0,0.0
11.85,64.0,60.0,4.97,27.0,1.0
4.43,89.0,10.0,4.73,7.0,0.0
5.92,37.0,21.0,4.74,60.0,0.0
11.87,155.0,82.0,4.69,8.0,0.0
8.28,214.0,77.0,4.93,52.0,0.0
12.43,228.0,102.0,5.24,29.0,0.0
12.03,31.0,93.0,4.81,10.0,1.0
10.09,238.0,66.0,4.77,4.0,0.0
12.31,194.0,43.0,4.94,36.0,0.0
5.0,83.0,11.0,3.74,7.0,0.0
4.56,68.0,18.0,4.73,33.0,0.0
9.2,260.0,49.0,4.63,5.0,0.0
6.93,23.0,54.0,4.77,32.0,1.0
8.02,74.0,15.0,3.62,239.0,1.0
10.62,87.0,73.0,4.82,40.0,1.0
12.16,176.0,69.0,5.19,53.0,0.0
9.32,255.0,28.0,4.89,1.0,0.0
6.21,67.0,37.0,3.78,9.0,0.0
3.08,45.0,21.0,4.69,43.0,0.0
8.69,102.0,86.0,5.24,8.0,0.0
6.78,92.0,46.0,4.67,16.0,1.0
1.1,97.0,10.0,4.73,19.0,0.0
4.43,184.0,43.0,4.62,24.0,1.0
11.96,167.0,36.0,4.76,44.0,0.0
7.46,160.0,53.0,4.83,20.0,0.0
1.04,69.0,10.0,3.62,8.0,0.0
7.61,201.0,36.0,4.88,39.0,1.0
8.06,220.0,17.0,4.38,31.0,0.0
7.77,50.0,45.0,4.84,44.0,1.0
6.62,34.0,30.0,4.8,71.0,0.0
12.55,151.0,69.0,5.03,38.0,0.0
11.11,170.0,24.0,4.65,6.0,0.0
3.9,37.0,22.0,4.69,66.0,0.0
9.37,244.0,35.0,4.52,67.0,0.0
9.42,215.0,47.0,5.12,39.0,0.0
1.34,125.0,13.0,4.4,15.0,0.0
3.34,166.0,24.0,4.56,3.0,1.0
11.94,147.0,11.0,4.44,6.0,0.0
6.09,60.0,30.0,4.65,13.0,0.0
8.9,116.0,37.0,5.0,29.0,0.0
5.83,162.0,35.0,4.08,42.0,1.0
9.28,95.0,62.0,5.06,4.0,0.0
10.59,242.0,89.0,5.12,7.0,0.0
8.76,247.0,63.0,5.09,8.0,0.0
12.16,215.0,103.0,5.35,14.0,0.0
2.42,23.0,13.0,3.87,118.0,0.0
3.66,81.0,16.0,4.06,149.0,0.0
4.48,85.0,33.0,4.73,18.0,0.0
10.77,221.0,66.0,5.13,7.0,0.0
11.21,85.0,39.0,4.92,91.0,1.0
10.65,250.0,34.0,4.8,31.0,0.0
8.91,246.0,53.0,5.13,41.0,0.0
12.19,139.0,80.0,4.94,40.0,0.0
8.41,92.0,52.0,4.81,55.0,0.0
5.95,41.0,30.0,4.75,4.0,0.0
3.5,72.0,27.0,4.66,52.0,0.0
2.28,224.0,18.0,4.34,26.0,1.0
8.28,209.0,51.0,4.58,17.0,0.0
10.65,177.0,71.0,4.94,13.0,0.0
8.82,70.0,45.0,4.79,31.0,1.0
7.87,123.0,51.0,4.67,37.0,0.0
12.71,59.0,69.0,4.33,11.0,1.0
2.42,106.0,18.0,4.4,18.0,0.0
7.46,92.0,55.0,4.9,12.0,0.0
12.98,111.0,76.0,5.09,14.0,1.0
6.19,190.0,31.0,4.76,55.0,1.0
6.5,184.0,11.0,4.55,20.0,1.0
11.2,232.0,62.0,4.92,29.0,0.0
12.54,132.0,48.0,4.48,7.0,1.0
7.79,162.0,66.0,4.8,11.0,0.0
7.63,104.0,69.0,5.11,8.0,0.0
10.3,173.0,58.0,5.12,10.0,0.0
11.91,175.0,64.0,5.11,130.0,0.0
11.14,130.0,103.0,5.01,24.0,0.0
5.32,243.0,44.0,4.29,10.0,1.0
9.26,201.0,71.0,5.2,44.0,0.0
5.47,24.0,50.0,4.06,4.0,0.0
8.65,239.0,79.0,5.11,20.0,0.0
5.18,75.0,15.0,3.14,28.0,0.0
7.07,113.0,70.0,4.57,47.0,1.0
1.4,214.0,14.0,4.16,17.0,1.0
2.84,112.0,23.0,3.95,8.0,0.0
6.86,37.0,37.0,4.48,13.0,1.0
8.52,185.0,54.0,4.47,13.0,0.0
9.49,156.0,84.0,5.13,17.0,0.0
2.27,88.0,20.0,3.53,29.0,0.0
7.86,135.0,34.0,4.56,28.0,0.0
2.94,80.0,22.0,4.63,7.0,0.0
9.92,117.0,25.0,4.51,134.0,0.0
12.76,222.0,62.0,5.19,25.0,0.0
2.9,194.0,29.0,4.83,11.0,1.0
6.84,56.0,21.0,3.58,36.0,0.0
5.81,31.0,19.0,3.38,26.0,0.0
1.75,31.0,10.0,3.63,20.0,0.0
5.97,44.0,42.0,4.43,13.0,0.0
4.89,55.0,34.0,4.46,9.0,0.0
9.79,202.0,87.0,5.03,72.0,0.0
3.48,35.0,26.0,4.71,46.0,0.0
1.72,83.0,11.0,3.85,15.0,0.0
10.33,253.0,55.0,4.47,96.0,0.0
10.33,220.0,16.0,4.88,22.0,0.0
1.41,98.0,11.0,4.63,10.0,0.0
9.28,224.0,22.0,4.7,14.0,0.0
9.62,53.0,78.0,4.64,58.0,1.0
8.25,123.0,14.0,4.14,39.0,0.0
11.78,207.0,99.0,4.86,91.0,0.0
1.35,125.0,11.0,3.32,6.0,0.0
12.0,155.0,109.0,5.28,17.0,0.0
1.27,65.0,10.0,4.49,11.0,0.0
7.53,157.0,73.0,5.0,13.0,0.0
8.27,235.0,66.0,5.19,17.0,0.0
8.26,92.0,27.0,4.1,18.0,0.0
3.83,237.0,17.0,4.17,26.0,1.0
4.85,217.0,15.0,4.17,4.0,1.0
7.24,75.0,25.0,3.83,43.0,0.0
1.81,101.0,15.0,4.32,26.0,0.0
12.99,232.0,101.0,5.24,19.0,0.0
8.29,162.0,15.0,4.16,74.0,0.0
12.1,232.0,71.0,4.68,18.0,0.0
12.86,176.0,59.0,4.99,59.0,0.0
7.31,129.0,36.0,4.64,64.0,1.0
9.48,134.0,14.0,4.79,2.0,0.0
9.26,124.0,38.0,4.84,20.0,0.0
8.01,63.0,11.0,4.18,5.0,1.0
6.74,80.0,34.0,4.81,55.0,0.0
9.24,96.0,79.0,5.16,29.0,0.0
6.01,51.0,30.0,4.28,16.0,0.0
5.17,134.0,49.0,4.57,11.0,1.0
2.93,74.0,20.0,4.16,9.0,0.0
9.28,192.0,46.0,4.61,8.0,0.0
4.92,24.0,46.0,4.6,29.0,0.0
10.96,248.0,56.0,4.66,8.0,0.0
10.79,212.0,89.0,5.33,51.0,0.0
11.64,165.0,78.0,5.13,17.0,0.0
6.17,63.0,40.0,4.75,5.0,0.0
8.76,170.0,78.0,5.25,19.0,0.0
2.86,70.0,21.0,4.62,127.0,0.0
4.0,95.0,39.0,4.56,112.0,0.0
1.67,63.0,16.0,3.15,39.0,0.0
11.6,128.0,47.0,4.44,27.0,0.0
9.27,216.0,68.0,5.13,83.0,0.0
11.86,105.0,26.0,3.71,56.0,1.0
10.12,157.0,72.0,4.92,25.0,0.0
11.82,179.0,97.0,5.22,55.0,0.0
10.79,125.0,36.0,4.29,6.0,0.0
8.87,98.0,74.0,5.21,25.0,0.0
10.01,220.0,30.0,3.95,5.0,0.0
11.95,203.0,89.0,5.25,8.0,0.0
8.45,252.0,33.0,4.69,16.0,0.0
6.56,116.0,57.0,4.69,9.0,1.0
7.95,130.0,50.0,4.67,8.0,0.0
1.43,109.0,12.0,4.13,6.0,0.0
6.43,57.0,12.0,3.53,78.0,0.0
8.62,224.0,60.0,4.74,8.0,0.0
3.22,258.0,26.0,4.79,22.0,1.0
8.85,236.0,66.0,5.24,27.0,0.0
12.42,227.0,45.0,4.56,15.0,0.0
4.14,51.0,40.0,4.85,141.0,0.0
6.73,176.0,27.0,4.89,65.0,1.0
1.57,134.0,14.0,4.07,27.0,0.0
8.98,106.0,54.0,4.81,18.0,1.0
9.53,150.0,58.0,4.92,6.0,0.0
8.25,29.0,44.0,4.23,732.0,1.0
8.08,152.0,42.0,4.88,7.0,0.0
2.63,44.0,14.0,4.73,24.0,0.0
12.14,217.0,81.0,5.08,60.0,0.0
9.6,202.0,70.0,5.22,54.0,0.0
12.95,216.0,102.0,4.83,115.0,0.0
5.4,182.0,40.0,4.69,19.0,1.0
9.5,247.0,41.0,4.68,52.0,0.0
7.59,140.0,57.0,4.39,33.0,0.0
12.0,26.0,106.0,5.17,23.0,1.0
12.11,102.0,106.0,5.15,12.0,1.0
11.37,208.0,67.0,4.89,29.0,0.0
2.24,246.0,11.0,3.94,7.0,1.0
2.15,212.0,12.0,4.68,30.0,1.0
1.12,79.0,11.0,4.56,21.0,0.0
11.18,237.0,73.0,4.92,9.0,0.0
1.2,124.0,11.0,3.51,7.0,0.0
10.87,131.0,39.0,4.49,122.0,0.0
2.58,179.0,26.0,4.62,72.0,1.0
1.77,203.0,16.0,4.71,13.0,1.0
6.21,102.0,42.0,4.89,8.0,1.0
7.94,236.0,70.0,4.56,8.0,0.0
10.57,227.0,44.0,4.4,41.0,0.0
8.75,114.0,27.0,4.36,29.0,0.0
12.9,220.0,22.0,4.72,17.0,0.0
1.41,55.0,13.0,4.67,40.0,0.0
10.23,24.0,98.0,4.83,36.0,1.0
2.74,77.0,16.0,4.62,81.0,0.0
7.02,141.0,31.0,4.33,18.0,1.0
3.95,33.0,39.0,3.94,3.0,0.0
9.92,227.0,89.0,5.27,22.0,0.0
6.3,45.0,46.0,4.51,67.0,0.0
4.01,32.0,20.0,4.54,9.0,0.0
7.7,189.0,25.0,4.58,8.0,0.0
7.82,136.0,35.0,4.99,14.0,0.0
7.28,231.0,27.0,4.13,18.0,1.0
8.02,250.0,13.0,4.68,39.0,0.0
1.35,92.0,10.0,4.46,7.0,0.0
1.07,243.0,11.0,4.41,23.0,1.0
1.49,53.0,11.0,4.52,16.0,0.0
9.55,152.0,71.0,5.08,41.0,0.0
12.97,120.0,49.0,4.66,21.0,1.0
1.2,67.0,10.0,4.74,10.0,0.0
12.8,211.0,44.0,4.27,27.0,0.0
7.17,94.0,45.0,4.52,11.0,1.0
1.87,170.0,17.0,3.85,11.0,1.0
11.15,167.0,17.0,3.89,28.0,0.0
9.44,224.0,66.0,4.87,11.0,0.0
11.38,164.0,52.0,5.1,16.0,0.0
5.74,71.0,45.0,4.86,22.0,0.0
4.68,78.0,16.0,4.58,64.0,0.0
9.71,235.0,61.0,4.61,45.0,0.0
2.96,107.0,18.0,4.2,24.0,0.0
8.12,157.0,61.0,5.02,29.0,0.0
7.83,147.0,74.0,4.52,19.0,0.0
9.28,259.0,54.0,4.65,23.0,0.0
7.82,160.0,58.0,4.92,13.0,0.0
4.54,138.0,43.0,5.0,62.0,1.0
9.12,206.0,49.0,4.32,24.0,0.0
5.17,70.0,45.0,4.22,13.0,0.0
7.76,137.0,14.0,3.84,9.0,0.0
10.8,147.0,108.0,5.28,11.0,0.0
2.41,63.0,11.0,3.52,17.0,0.0
1.36,63.0,12.0,3.63,6.0,0.0
2.19,93.0,16.0,4.66,20.0,0.0
6.77,131.0,36.0,4.79,28.0,1.0
7.68,141.0,51.0,4.76,45.0,0.0
9.3,137.0,51.0,4.6,5.0,0.0
7.54,120.0,69.0,4.92,7.0,0.0
2.25,67.0,11.0,3.89,6.0,0.0
8.64,123.0,49.0,4.33,26.0,0.0
9.58,98.0,86.0,4.63,40.0,0.0
2.37,39.0,18.0,4.51,215.0,0.0
5.97,73.0,39.0,4.89,17.0,0.0
1.28,118.0,11.0,4.71,46.0,0.0
7.69,146.0,20.0,4.79,7.0,0.0
2.32,116.0,15.0,3.44,50.0,0.0
4.19,30.0,41.0,4.59,13.0,0.0
3.28,57.0,13.0,4.11,12.0,0.0
6.0,228.0,57.0,4.81,62.0,1.0
10.78,164.0,71.0,4.69,53.0,0.0
10.45,243.0,91.0,4.83,11.0,0.0
7.74,132.0,61.0,5.09,26.0,0.0
1.1,208.0,10.0,4.27,19.0,1.0
9.75,208.0,52.0,4.96,9.0,0.0
10.0,122.0,23.0,4.61,115.0,0.0
5.98,105.0,21.0,4.5,41.0,1.0
3.27,260.0,32.0,4.21,10.0,1.0
7.55,96.0,56.0,4.8,11.0,0.0
10.87,192.0,62.0,4.54,38.0,0.0
1.23,50.0,11.0,4.64,39.0,0.0
7.21,106.0,16.0,4.14,17.0,0.0
8.53,232.0,70.0,5.2,42.0,0.0
6.97,245.0,46.0,4.86,99.0,1.0
9.15,92.0,29.0,4.68,26.0,0.0
10.02,156.0,69.0,5.0,46.0,0.0
11.13,147.0,110.0,5.12,37.0,0.0
2.8,31.0,10.0,4.64,6.0,0.0
4.08,196.0,33.0,4.33,49.0,1.0
3.53,35.0,15.0,4.48,61.0,0.0
10.2,125.0,35.0,4.69,55.0,0.0
6.72,138.0,46.0,4.48,6.0,1.0
9.98,133.0,45.0,4.26,12.0,0.0
5.71,23.0,36.0,4.69,5.0,0.0
6.35,69.0,34.0,4.13,12.0,0.0
7.23,113.0,64.0,4.93,40.0,0.0
2.49,35.0,23.0,4.49,22.0,0.0
8.21,211.0,31.0,4.5,19.0,0.0
8.28,156.0,20.0,4.4,8.0,0.0
3.31,70.0,15.0,3.82,18.0,0.0
4.9,49.0,27.0,4.79,21.0,0.0
4.07,74.0,28.0,4.35,8.0,0.0
12.91,134.0,118.0,5.14,2.0,1.0
6.38,118.0,51.0,5.05,9.0,1.0
8.16,249.0,70.0,4.95,66.0,0.0
9.56,110.0,21.0,4.33,21.0,0.0
10.73,174.0,37.0,4.9,37.0,0.0
1.18,134.0,10.0,4.4,123.0,0.0
9.13,138.0,30.0,4.36,11.0,0.0
2.55,28.0,23.0,4.35,10.0,0.0
3.08,78.0,18.0,4.37,9.0,0.0
11.33,241.0,103.0,5.41,18.0,0.0
12.34,205.0,111.0,4.94,30.0,0.0
2.22,111.0,20.0,4.58,21.0,0.0
11.51,164.0,30.0,4.06,2.0,0.0
8.87,221.0,39.0,4.62,31.0,0.0
2.11,78.0,13.0,4.73,102.0,0.0
9.53,200.0,84.0,5.17,55.0,0.0
10.11,168.0,16.0,4.65,44.0,0.0
11.04,194.0,57.0,5.1,11.0,0.0
8.95,158.0,51.0,4.59,32.0,0.0
4.07,20.0,36.0,4.87,18.0,0.0
9.32,175.0,28.0,4.37,5.0,0.0
5.76,45.0,22.0,4.39,6.0,0.0
4.4,128.0,36.0,4.94,23.0,1.0
1.8,246.0,12.0,4.26,12.0,1.0
5.24,67.0,22.0,4.43,88.0,0.0
10.77,188.0,69.0,4.81,58.0,0.0
5.26,210.0,38.0,4.97,26.0,1.0
6.57,253.0,58.0,5.08,65.0,1.0
11.91,156.0,27.0,3.85,30.0,0.0
8.34,117.0,37.0,4.88,53.0,0.0
8.58,221.0,21.0,4.12,15.0,0.0
8.01,167.0,21.0,4.39,5.0,0.0
4.41,55.0,43.0,4.18,28.0,0.0
4.34,40.0,37.0,4.78,15.0,0.0
10.16,40.0,96.0,4.85,3.0,1.0
4.59,58.0,42.0,4.26,103.0,0.0
8.54,201.0,59.0,5.14,63.0,0.0
10.01,167.0,32.0,4.54,11.0,0.0
8.76,158.0,16.0,4.79,5.0,0.0
6.51,30.0,57.0,4.34,23.0,0.0
2.13,100.0,18.0,4.72,44.0,0.0
10.24,180.0,87.0,5.32,5.0,0.0
8.72,167.0,87.0,4.98,10.0,0.0
