timestamp,x1,x2,y,y_pred
2024-02-20 00:30:00,0.735609492258853,0.2610434081417591,5.94471094483515,5.931839020531428
2024-02-20 00:45:00,0.0160933055808696,0.3999087378599056,4.339708216993371,4.105526957965337
2024-02-20 01:00:00,0.6470000731458131,0.2142734395234942,5.498313432968234,5.289731528311459
2024-02-20 01:15:00,0.3701669986738198,0.8716075808206891,6.285685579748896,6.464783474937159
2024-02-20 01:30:00,-0.0968203131694177,1.0155742894449504,6.144949792495517,6.112464004716711
2024-02-20 01:45:00,0.7805592300035299,0.5981080804123856,5.293398040171232,5.344419969355172
2024-02-20 02:00:00,0.0718609095995336,1.0913009938206222,5.352169347779012,5.6692436095219625
2024-02-20 02:15:00,0.6843346257069982,0.7518005349250276,5.58875537236145,5.763934018788584
2024-02-20 02:30:00,-0.0067103414076478,0.7902119192738717,5.009813208156291,4.980778543097565
2024-02-20 02:45:00,0.6782137431077819,1.0043082367981837,6.222007226112889,6.074628130626182
2024-02-20 03:00:00,-0.1627082812717708,0.4543545786467791,5.100304779986004,5.083768665219783
2024-02-20 03:15:00,0.3356362449384237,0.5104666795140836,4.637962470949283,4.695940346193801
2024-02-20 03:30:00,0.5930920890116573,1.0607808691654397,7.438984362985621,7.516127161647786
2024-02-20 03:45:00,0.7582395879613457,1.0544020082986756,7.2966771949918225,7.194975478511998
2024-02-20 04:00:00,0.7324416081889726,1.1285125867603203,6.278150722104566,6.134308344964515
2024-02-20 04:15:00,0.6426605846536697,1.0524413289907135,5.7367958975485775,5.871134203130342
2024-02-20 04:30:00,0.7110241504706311,0.2765303240957081,4.387349484200823,4.683947768406536
2024-02-20 04:45:00,0.0218504158956043,0.9714200952038236,5.130979237988285,5.434640845058517
2024-02-20 05:00:00,0.1066137995274752,0.5560542277529191,6.351550716164144,6.2926487614173
2024-02-20 05:15:00,0.1111976479601393,1.1355196419111848,6.467661467837038,6.559427293669805
2024-02-20 05:30:00,0.1990835196843028,0.6154845606064926,6.522477597595626,6.584024631548408
2024-02-20 05:45:00,0.2151515720815471,0.6955079433783993,5.474177724664501,5.724540187456413
2024-02-20 06:00:00,0.3661883876810276,0.669898177342005,6.598744311755143,6.740950801352296
2024-02-20 06:15:00,-0.0186841630190046,0.4602950140948179,5.900599729512882,5.994902789827942
2024-02-20 06:30:00,0.5124865981848787,0.2119983025401971,5.996582888750205,6.033861705642954
2024-02-20 06:45:00,-0.0113888143822577,1.031029368999593,7.490893599368254,7.576500005829937
2024-02-20 07:00:00,0.1311586923919653,0.936439761835004,7.486954852095833,7.620332954194753
2024-02-20 07:15:00,0.3240017578533575,0.2716606184791695,5.673246441955938,5.78402492157476
2024-02-20 07:30:00,0.6169044596377768,0.9072562698144148,7.211600490214966,7.10009566736738
2024-02-20 07:45:00,0.5597412570450739,0.7546732929003064,7.923663418805977,7.898752384981839
2024-02-20 08:00:00,0.4656153616474382,0.5362937087484528,6.188796730310936,6.138564591843558
2024-02-20 08:15:00,-0.0243358961043262,0.3794792290838459,5.760061713535498,5.856588131688342
2024-02-20 08:30:00,0.3667468845631051,0.983480089206348,7.333193667250392,7.618897389392552
2024-02-20 08:45:00,-0.0930404051657928,0.8222180604319845,7.653160109539532,7.685921337410209
2024-02-20 09:00:00,0.1966886832697846,0.6680336806718415,6.262000297524938,6.336489049467835
2024-02-20 09:15:00,0.2326553104470788,0.7281119564388421,7.223844813625913,7.167009596193138
2024-02-20 09:30:00,-0.1412356455789075,0.2078451455794556,6.4881912449924455,6.138131041197598
2024-02-20 09:45:00,0.0927560112827221,0.5889203650104877,6.889215746923159,6.7861559968963965
2024-02-20 10:00:00,0.7742332388166994,0.3069088488126181,8.507874893765761,8.199278160512874
2024-02-20 10:15:00,0.772033102894154,0.3197867115988219,7.45771450757618,7.355096929749946
2024-02-20 10:30:00,0.1705451374806871,0.7708882109892501,7.497211737035736,7.493125295298123
2024-02-20 10:45:00,-0.1388633541418988,1.0190085726906235,7.689309326512063,7.560222163466055
2024-02-20 11:00:00,-0.0030492036980699,0.509664377575099,6.881675877579512,6.647743094081113
2024-02-20 11:15:00,0.2098938377138733,0.3117997800074045,6.593471402520419,6.352459492607387
2024-02-20 11:30:00,0.7652767976549029,0.7509277988605101,8.31672893229624,8.293673866390797
2024-02-20 11:45:00,-0.0414819124210384,0.9714860998793606,8.211169428164277,8.110488028536338
2024-02-20 12:00:00,0.5806576618647274,0.8467241078273815,7.148226430203353,7.209088000156237
2024-02-20 12:15:00,-0.0743519776316892,0.9652570771031794,7.248483789626768,7.089852460153158
2024-02-20 12:30:00,0.7980475966639485,0.6311375709343953,7.270696903906483,7.035821543901452
2024-02-20 12:45:00,0.1982319269782442,0.8445309393217945,7.256115995054371,7.189135864837909
2024-02-20 13:00:00,0.591676248513269,0.2307800205293439,6.43907640659049,6.4367967812569375
2024-02-20 13:15:00,0.1588599481462395,0.43704004476977,6.595324751909923,6.500246416586026
2024-02-20 13:30:00,0.443765773013565,0.4763539962575034,7.67484436851879,7.554372875435698
2024-02-20 13:45:00,0.0079418867319936,0.5961296478971876,7.407739513638197,7.340275635530082
2024-02-20 14:00:00,-0.0382233961416989,1.0119292338913422,7.668731516282018,7.58348113176193
2024-02-20 14:15:00,0.7536503839414882,0.9551585437526444,8.37248552657817,8.31550429885623
2024-02-20 14:30:00,0.7330650601387249,0.2133869606064831,6.562967189988532,6.419575088212729
2024-02-20 14:45:00,0.7027191391591229,0.2496412180014429,5.965050884949783,5.856947392249834
2024-02-20 15:00:00,0.4405169454737116,0.4324730657657512,7.201306608248119,7.24056820530479
2024-02-20 15:15:00,0.6231858833269284,0.3635484247117424,7.162525092184568,7.211997479382756
2024-02-20 15:30:00,-0.1162103329422548,0.6855388885983823,6.935741137116761,6.920278540338578
2024-02-20 15:45:00,0.1493777120902955,0.971498936226522,7.629131018137846,7.527310792779876
2024-02-20 16:00:00,0.1281286178086831,1.028961202977878,7.617162893355883,7.593501167298099
2024-02-20 16:15:00,0.44990852143165,0.7182114509056421,6.559516907925183,6.6101379127791295
2024-02-20 16:30:00,0.1700595637255147,0.9006988464013919,6.54439077834885,6.520120258274936
2024-02-20 16:45:00,-0.0375519522087625,0.5856655476841199,6.066676175978383,6.104124621490181
2024-02-20 17:00:00,0.410248703334931,0.2667067997339554,5.928122414379191,5.8550157149452495
2024-02-20 17:15:00,0.628006797005533,0.5809778213566853,7.228254740464872,7.205940727639553
2024-02-20 17:30:00,0.1955885066085859,0.609274866887127,6.985010560078684,7.035808723598495
2024-02-20 17:45:00,-0.0544232487920086,0.7945462352720821,6.287730215253697,6.286947532292615
2024-02-20 18:00:00,0.009840146279375,0.2698618661913389,5.910311346536656,5.821710745756923
2024-02-20 18:15:00,0.050480056632301,0.4161735149442432,5.787402139207628,5.889319649561189
2024-02-20 18:30:00,0.1127400373320828,0.4097691612334292,6.754534227658509,6.766443013409258
2024-02-20 18:45:00,0.455484098831452,1.0030544022271222,7.551664416149464,7.606544063716989
2024-02-20 19:00:00,0.4134819886938843,0.4854276897515203,6.6620774859962175,6.674748749565283
2024-02-20 19:15:00,0.5084647341238661,0.7944396819175027,5.687046205962883,5.806633032470497
2024-02-20 19:30:00,0.1747361187806041,0.7880153978157642,6.3746995786953145,6.428792981192788
2024-02-20 19:45:00,0.636081941830646,0.3006020746231265,5.412254506776865,5.37073918739336
2024-02-20 20:00:00,0.0160230015307706,0.6047772795830629,5.379435259118995,5.54176201168248
2024-02-20 20:15:00,0.2808280337494663,0.9250562668873256,6.501957686226563,6.692562487873683
2024-02-20 20:30:00,0.6125788497659339,0.5037932157681391,6.042100437983173,6.23011664304533
2024-02-20 20:45:00,-0.0083474852121334,0.9715517226364024,5.368659247054378,5.545526833505583
2024-02-20 21:00:00,-0.0787883828392803,0.2387280171009871,4.823203727101588,4.825265872060778
2024-02-20 21:15:00,0.6948880056986809,0.0962615771688027,4.6540694979914194,4.843492994458893
2024-02-20 21:30:00,0.1539901342745497,0.9113863972709906,6.8874292069278,6.96201267704799
2024-02-20 21:45:00,0.4947879295265195,0.865441402225148,6.797104127839483,6.736110730491985
2024-02-20 22:00:00,-0.1638753577396896,1.0081756463128024,5.322331121731634,5.27538290485873
2024-02-20 22:15:00,0.5006820607364498,0.692802969412496,5.107077809839329,5.151801541300529
2024-02-20 22:30:00,0.1265965198270463,0.94791952273999,5.488757365726538,5.446901803109076
2024-02-20 22:45:00,-0.1339029998905488,0.8360013990179492,5.059464012937019,5.017811960605134
2024-02-20 23:00:00,0.4200307492630326,0.8512984073988488,5.363795119861338,5.333516492271676
2024-02-20 23:15:00,0.0508845485897826,0.5738325270858398,5.0205373075661335,4.967105550069242
2024-02-20 23:30:00,0.196751623632484,0.3848738785303051,4.5929032214517,4.291753714145273
2024-02-20 23:45:00,-0.1096102521573795,0.9348853784558988,5.813657767081796,5.607265807032036
2024-02-21 00:00:00,-0.0431623538170377,0.4302624678678786,5.503111288126906,5.105170162351272
2024-02-21 00:15:00,0.1075179963127651,0.5347828666093416,4.757660694528507,4.662996675556147
2024-02-21 00:30:00,-0.1008324660607498,0.4398964940625738,5.340548735009494,5.260113013781001
2024-02-21 00:45:00,0.7201024780928018,0.5564199285898292,5.795396132292182,5.872738160397867
2024-02-21 01:00:00,-0.1848076552892849,0.4599271209851523,5.294680524248588,5.331771049503445
2024-02-21 01:15:00,0.2928755172274647,0.0352112870438637,4.458666874521756,4.26939980903144
2024-02-21 01:30:00,-0.0678663373327277,0.8671151193395639,6.122381877789262,6.164840629648159
2024-02-21 01:45:00,0.1164371101340416,0.4272857346178408,6.279016823896147,6.112275458759469
2024-02-21 02:00:00,0.7346903071558575,0.5696625829775839,5.542919098405839,5.685679459983083
2024-02-21 02:15:00,-0.0298010615408094,0.1177360510471849,4.913301400602277,5.075405967400574
2024-02-21 02:30:00,0.7742112545189088,-0.0202320364787499,4.697912127269719,4.808945869983651
2024-02-21 02:45:00,0.0140487737704377,0.2195048879378349,5.97589433314059,6.043720466119704
2024-02-21 03:00:00,0.5496968801863157,0.6766385744303516,6.884863061941208,6.861925224307426
2024-02-21 03:15:00,0.3546853251019137,0.0690881470356372,5.967045671189647,6.003645726644345
2024-02-21 03:30:00,0.6923649904173892,0.8766257155376849,6.208123097568593,6.337584179994501
2024-02-21 03:45:00,0.3617586356506148,0.180609342891747,6.200373750141174,6.300956843821388
2024-02-21 04:00:00,0.3422046319170305,0.1680329824636625,4.454775476300684,4.585665730817682
2024-02-21 04:15:00,0.0029843615999445,0.1428042762901947,5.686943773777669,5.868272241140853
2024-02-21 04:30:00,-0.0263624118215493,-0.0268604189121379,5.5134715830929855,5.686505982458017
2024-02-21 04:45:00,0.7237801591244546,0.7288297515356472,7.87475780289885,7.8454159381378386
2024-02-21 05:00:00,0.1350129062861343,0.8299303447001596,7.621164579287225,7.899074420968832
2024-02-21 05:15:00,0.1791415799249095,0.5669354152797234,5.682915951542219,5.615343904649775
2024-02-21 05:30:00,0.5667685195644389,0.1388552150786451,5.526339850200164,5.630009269697146
2024-02-21 05:45:00,0.1456547989260147,0.2338216246479218,5.786638560865811,5.928529607955593
2024-02-21 06:00:00,0.758781138243107,0.4223648443004924,7.264307212818863,7.2514671217949145
2024-02-21 06:15:00,0.5445347559737821,0.8986849933257103,8.129038028943855,8.040328694146142
2024-02-21 06:30:00,0.4039254457211192,0.1895979336847078,6.091633655251128,6.029699594293985
2024-02-21 06:45:00,0.6872815011944836,0.6718068604197308,6.3838113909113,6.3738684945627835
2024-02-21 07:00:00,-0.1441166916463513,0.3775306971463366,6.751839576522925,6.675374453140913
2024-02-21 07:15:00,0.063232073918911,0.2338587096922543,5.371402790002928,5.576318448249707
2024-02-21 07:30:00,0.2710986205615575,0.3898638024856724,7.175570003392074,7.244498716219497
2024-02-21 07:45:00,0.0329346538184359,0.0030989494092792,6.497349921844705,6.593689999704878
2024-02-21 08:00:00,0.5497560535561727,0.7285320761608491,7.851446917819409,7.726153576337883
2024-02-21 08:15:00,0.7249545736168079,0.1711074572536592,7.907199107448519,7.946583277196197
2024-02-21 08:30:00,0.2294132637017404,0.6511870699074491,6.662798483689521,6.575921213599496
2024-02-21 08:45:00,0.1476732704814312,-0.0078984292870231,6.4829585603523805,6.399336256445027
2024-02-21 09:00:00,0.7669898549847131,0.8768390837385696,7.804548099803221,7.846441485075104
2024-02-21 09:15:00,0.2501909345146874,0.1127521566154592,7.504989695947953,7.525946916751182
2024-02-21 09:30:00,0.2942872078179064,0.8004854448446608,6.693724887574279,6.54269265894297
2024-02-21 09:45:00,0.1567899127081562,0.7252325667967386,8.104433246514247,8.145014267478164
2024-02-21 10:00:00,0.7145906741624272,0.8816452970818651,7.67197869716128,7.5977503470821866
2024-02-21 10:15:00,0.3739007734684295,0.3897123120067169,6.799305480551226,6.814944565723274
2024-02-21 10:30:00,0.5670238951181873,0.6372657189532378,6.662110396663444,6.641520900183695
2024-02-21 10:45:00,0.616560973208067,0.2786365846722668,7.372711335790314,7.313636533268076
2024-02-21 11:00:00,0.1465091733183271,0.0903626278802979,6.029342542956141,6.035852116088222
2024-02-21 11:15:00,0.2382612693367372,0.3471499746326041,7.104581585791272,7.126789386814196
2024-02-21 11:30:00,0.6529464495530317,0.0679141271201768,7.869829680002653,7.7705643448234865
2024-02-21 11:45:00,0.1676386949073998,0.8823124499671546,8.066546536919565,8.083693834512378
2024-02-21 12:00:00,0.5982280761575345,-0.0053710949766849,7.242318946042033,7.238383113068279
2024-02-21 12:15:00,0.7451957965739088,0.4857208197130688,7.035623678176057,7.035754805141297
2024-02-21 12:30:00,0.4273253106069494,0.5211119525518587,8.162313556120617,8.091800112419643
2024-02-21 12:45:00,0.5456546211975329,0.4308791813858882,7.196577303304488,7.028884666261106
2024-02-21 13:00:00,0.609037975077819,0.553149825638878,7.682619600535315,7.454236767620353
2024-02-21 13:15:00,0.6488945747213702,0.0053219950609598,6.687823098225733,6.686580961367921
2024-02-21 13:30:00,0.1988234603747913,0.4423502200439633,6.984653890395245,6.6967600648881955
2024-02-21 13:45:00,-0.1450502873037408,0.1727481538132835,6.927073033151978,6.95338748942137
2024-02-21 14:00:00,0.2054795904675893,0.8239291576856028,7.956307778138948,7.788541385083985
2024-02-21 14:15:00,0.4772775498287266,0.6440560965462188,8.474669226126245,8.484680379106871
2024-02-21 14:30:00,0.2537906421328373,0.8527443215364101,7.090933825541278,7.125188006704505
2024-02-21 14:45:00,0.5523232793994399,-0.0839544382119303,5.975768364019821,5.98862569403998
2024-02-21 15:00:00,0.1602633664558037,0.1618967834566878,5.877424991819575,5.816059732858056
2024-02-21 15:15:00,0.4379468231774239,0.0704749801335484,7.446089310978698,7.333264211118959
2024-02-21 15:30:00,-0.0104548309756251,-0.1154893612944627,6.638783272658428,6.519698702589512
2024-02-21 15:45:00,0.5524184202912478,0.11400051413567,7.174527453157486,7.22468695086904
2024-02-21 16:00:00,0.3486695096777625,0.5487847746260565,8.318712550362106,8.395559064309099
2024-02-21 16:15:00,0.0069634247315438,0.0994471934824401,6.442593728641435,6.508977354413091
2024-02-21 16:30:00,0.094736643459457,0.3757268665622555,6.332539037858477,6.328019205681108
2024-02-21 16:45:00,0.5513615511269594,0.7529225498643196,8.328724105080394,8.343316923171164
2024-02-21 17:00:00,0.2852823899426961,0.5572594258660676,7.096954896297812,7.1942076643580934
2024-02-21 17:15:00,0.0186418459041968,0.2565438936374954,5.41770917893141,5.4012089720309735
2024-02-21 17:30:00,0.769811786942128,0.2328135173196773,6.717987716992044,6.506017207436319
2024-02-21 17:45:00,0.5175967476125619,0.314526770462179,7.061774383086106,7.129989279824002
2024-02-21 18:00:00,0.7595386320503563,0.0342955838594249,6.199453091175337,6.270087599738699
2024-02-21 18:15:00,0.229441857400259,0.489735087789998,6.559095878825842,6.535097641455506
2024-02-21 18:30:00,0.2773711063944086,0.2183844891882534,6.327543215737353,6.412444628238542
2024-02-21 18:45:00,0.7001608769983628,0.705111720052931,7.097967793606404,7.065470848137067
2024-02-21 19:00:00,0.3271908379272507,0.6078312593506906,6.87398214856046,6.997654761792973
2024-02-21 19:15:00,0.5093571885194222,0.4603416943925548,5.75704961195543,5.633916948941852
2024-02-21 19:30:00,0.0541888754055551,0.2125985590666007,5.274761486990131,5.293968133955955
2024-02-21 19:45:00,0.2486811305698444,0.0569140197923662,5.155447466066936,5.269262101631237
2024-02-21 20:00:00,-0.0746558654123145,0.6217381178393546,6.500051094889066,6.604790546023236
2024-02-21 20:15:00,0.0078148548049157,0.3306177984126435,6.205142028307774,6.310348417784905
2024-02-21 20:30:00,-0.1972802721302353,0.0675997273318298,5.018967436680776,4.928612186894496
2024-02-21 20:45:00,-0.1590161982729048,0.0366839997372798,5.137501197395575,5.309674800909965
2024-02-21 21:00:00,0.7789459548078598,0.0055888500895349,6.48480522628866,6.584875629168423
2024-02-21 21:15:00,0.0439601526659598,0.6160467253254246,6.796626938459168,6.88133260879733
2024-02-21 21:30:00,0.464862437542319,0.0665894756209064,5.618518358265701,5.6417881250549184
2024-02-21 21:45:00,0.6405976422184841,0.362980645461283,5.638671812972236,5.681305564748499
2024-02-21 22:00:00,0.352105563163513,0.2866403153840511,5.766044547047859,5.930283877028258
2024-02-21 22:15:00,-0.0454622901019138,0.4134800550994627,5.010750273188573,5.062661431688995
2024-02-21 22:30:00,0.5294586986636661,0.7098190324772282,6.323102305994702,6.329681279865321
2024-02-21 22:45:00,0.4015436688092221,0.6992264166328659,6.206386176293359,6.239921345857771
2024-02-21 23:00:00,0.5324937915460002,0.2813900520960288,4.762731671952165,4.658352963082701
2024-02-21 23:15:00,0.5709417148851179,-0.1554646173221368,4.242067575836901,4.07894508185795
2024-02-21 23:30:00,0.7765582961116678,0.2544884235541638,5.588230275457094,5.494421343478519
2024-02-21 23:45:00,0.3746649916465712,0.4331341092378781,6.319636596653221,6.151503003197541
2024-02-22 00:00:00,0.1426975545174998,0.3836218843788938,4.889752406807842,4.964441816574458
2024-02-22 00:15:00,0.4494766761638132,0.4761305130054274,5.4689806509666665,5.411407817174864
2024-02-22 00:30:00,-0.1305905466164451,-0.0221717234432666,4.668943371080867,4.4864452460610575
2024-02-22 00:45:00,0.6983236349870638,0.4692667587111957,5.554996044827709,5.5501336345940295
2024-02-22 01:00:00,-0.0797341516225707,0.00438349500663,5.564285947307194,5.579942398759141
2024-02-22 01:15:00,0.1286871433455086,0.5712772927831572,5.353260858960023,5.131836067979256
2024-02-22 01:30:00,0.6165501027459551,0.158883697143587,6.589047110160476,6.402785635542504
2024-02-22 01:45:00,0.3980784655388438,0.5287557389679493,5.69070942451298,5.674656966101413
2024-02-22 02:00:00,0.1943639211859783,-0.1341883125037868,4.968091262698132,4.8792713274111685
2024-02-22 02:15:00,0.274127322775504,0.2249135673031135,4.7904842953794144,5.070696606835759
2024-02-22 02:30:00,0.6552032680610695,0.5212172934571478,7.12738749336074,7.251353728631417
2024-02-22 02:45:00,0.1406254215140482,0.0422043970154157,5.331548826081344,5.444181839537999
2024-02-22 03:00:00,0.6702368301643353,0.609794016024304,5.871536712742685,5.982575075329232
2024-02-22 03:15:00,-0.1113113643090346,0.4444818743563565,6.273606426887289,6.393945613119141
2024-02-22 03:30:00,0.5773206509059566,0.4004812587067288,5.172976182276921,5.531439387700166
2024-02-22 03:45:00,0.6480388055083752,0.1657079545083615,6.163972329656556,6.2097951860201706
2024-02-22 04:00:00,-0.0177212660316519,0.2938725433836089,5.403477294898878,5.443019795125201
2024-02-22 04:15:00,0.2307784722449115,0.4080547934785515,6.323780452423279,6.253012653293487
2024-02-22 04:30:00,-0.03409647651885,0.2824745578900333,6.044783196090307,6.203561430558442
2024-02-22 04:45:00,0.506980637093803,0.5076553338608687,6.488364321378553,6.662538765613213
2024-02-22 05:00:00,0.3356979859103416,0.2423912032458103,6.262055136230931,6.605563545608081
2024-02-22 05:15:00,0.4356482248982899,0.0103424834741251,5.437494338151662,5.545175357247606
2024-02-22 05:30:00,-0.0032125437997017,0.0214009618919052,5.90926391314856,5.881211513732979
2024-02-22 05:45:00,0.0120229131795821,-0.1873082572704612,5.861996142890747,5.964914497528798
2024-02-22 06:00:00,-0.1582481105393025,0.1072894706215489,6.836034104965288,6.670849276721314
2024-02-22 06:15:00,0.1223005630177705,0.5547162293056791,7.925718833599578,7.997479884774352
2024-02-22 06:30:00,0.3599571041771267,0.5994512474805392,7.905726380818814,7.934162345387959
2024-02-22 06:45:00,0.6581277231103638,0.0072692073178875,6.109500024648784,6.282522579942653
2024-02-22 07:00:00,0.4671015741829534,0.7633820233893798,7.071204449225204,7.076863533861912
2024-02-22 07:15:00,0.2355527191658687,0.3063004711980891,6.839713596538497,7.049931978273181
2024-02-22 07:30:00,0.7532597307171289,0.7204594202559134,7.018389049909693,6.963058820916619
2024-02-22 07:45:00,0.5193689890506179,0.509852338574782,7.565537426696397,7.497849361459081
2024-02-22 08:00:00,0.7302741151594133,0.5251503040200549,6.699901777051828,6.573144494375747
2024-02-22 08:15:00,0.3276829611322185,-0.1125861905405387,5.769559964558796,5.852415745055369
2024-02-22 08:30:00,0.0589862900237925,0.0220381463446349,5.7219632781499845,5.686477734552258
2024-02-22 08:45:00,-0.1471033191648478,-0.1894377533577431,6.81704033665489,6.7278208726727415
2024-02-22 09:00:00,0.5261437771204694,0.5175990459928785,8.439664713364019,8.360085528899814
2024-02-22 09:15:00,-0.0786481932125444,0.1456573172348632,7.820615892538721,7.865338355430072
2024-02-22 09:30:00,0.102814772226474,0.5876428293355016,6.694506319982036,6.895196288975723
2024-02-22 09:45:00,0.3325023390819092,0.1397215060358872,7.678081024382346,7.586306168919989
2024-02-22 10:00:00,0.3644407583312872,0.6199377240289875,7.476204552301766,7.434815115930497
2024-02-22 10:15:00,0.4006010590367962,-0.0688553545166461,7.053784091708194,7.035980208483442
2024-02-22 10:30:00,-0.0337321639278889,-0.0263142783719317,6.029277394046135,5.880627887737706
2024-02-22 10:45:00,0.1797455064169421,0.1410790466502095,7.615129518421509,7.537211100440348
2024-02-22 11:00:00,0.417198876806245,0.2086036203047796,8.070073669407982,8.126137799970262
2024-02-22 11:15:00,0.7698210146545857,0.1487565590517426,7.74269692615418,7.860134778294631
2024-02-22 11:30:00,0.5276317403014514,0.5636620973857263,7.963907319066086,7.994323672175842
2024-02-22 11:45:00,0.7226037645334894,-0.1030484213850223,7.264285142674752,6.93923439942588
2024-02-22 12:00:00,0.5622124228511182,0.151226132995574,6.805821468025769,6.655440183712871
2024-02-22 12:15:00,0.3917186427846916,0.6372818454217982,8.422514005890411,8.311613025171779
2024-02-22 12:30:00,-0.0079726953643079,-0.1331045429980049,6.542738602204975,6.461649137155376
2024-02-22 12:45:00,0.4666928012398549,0.7425222157995987,7.508492770597109,7.4544500313783075
2024-02-22 13:00:00,0.4233908813808792,0.7865996637820116,9.386867658036602,9.191722883688408
2024-02-22 13:15:00,0.402485604157669,-0.111021118682578,5.8315407701964,5.79487173247221
2024-02-22 13:30:00,0.289808372149504,0.0918348731085693,6.096696725049648,5.960337354105896
2024-02-22 13:45:00,0.3286861307639268,0.1731383995765163,7.789423435267786,7.738765607462656
2024-02-22 14:00:00,0.1344800286252335,0.5773282033340172,8.167307806112067,7.90086034770906
2024-02-22 14:15:00,0.3193591209630312,0.3970864426906865,7.722430619739769,7.578425431786474
2024-02-22 14:30:00,-0.0023877871485781,0.4457717951920216,6.970696450280756,6.777652033567968
2024-02-22 14:45:00,0.6052415353771169,0.55918602053935,7.617238691719002,7.614567871024401
2024-02-22 15:00:00,-0.0141441245007435,-0.0800510930755728,6.431921616086888,6.257799411572483
2024-02-22 15:15:00,-0.1149420546422657,0.6354966459487256,6.532436729068476,6.5117547048254405
2024-02-22 15:30:00,0.2363513683164215,0.50824780878773,8.304015294216775,8.250512818970213
2024-02-22 15:45:00,0.458427419714434,0.3803340388234106,7.19834374811776,6.9904411437451905
2024-02-22 16:00:00,0.2378523950794361,0.6931154075156971,7.112476947492515,7.193044930837667
2024-02-22 16:15:00,0.0769062436489121,0.5040975896527136,6.811543274015952,6.770572107235591
2024-02-22 16:30:00,0.35834078867518,0.0059257164255814,5.870492247691122,5.8034424777011235
2024-02-22 16:45:00,0.1471903847362121,0.234428956164,6.476371338053736,6.407774678175157
2024-02-22 17:00:00,0.7330751353542354,0.2992075120908951,7.580519185409852,7.618723716694968
2024-02-22 17:15:00,0.7228729320067321,-0.13911346651696,6.834396411749881,6.626082945014666
2024-02-22 17:30:00,0.3026209107259016,0.760833813157882,6.888858537710774,7.036313815320704
2024-02-22 17:45:00,0.1281553341963916,-0.0646759776286802,6.514734124721835,6.355407961288384
2024-02-22 18:00:00,0.5374269545268437,0.5047814937670119,6.337638879583475,6.241726176040093
2024-02-22 18:15:00,-0.1629683646973765,0.3141476625259416,7.1022255068226565,6.928703256728348
2024-02-22 18:30:00,0.2751127998548496,-0.1658318598470765,4.954404350973105,5.138206545676396
2024-02-22 18:45:00,0.1366932406959445,0.7339254201931691,7.135461374300171,7.25832817434486
2024-02-22 19:00:00,0.7209327346413054,0.6616795210103688,8.217317469990473,8.094198808927928
2024-02-22 19:15:00,-0.18757216970527,0.3347880426320204,5.029110143036364,5.257422280519693
2024-02-22 19:30:00,0.3532685824607555,0.0401824062560645,4.634717237809838,4.856609031058845
2024-02-22 19:45:00,0.5411471416288344,-0.0664046154700972,6.011008850479782,6.09809627968186
2024-02-22 20:00:00,0.2855323518633516,0.17611977817851,6.278464711370836,6.303173950891052
2024-02-22 20:15:00,-0.114050851910232,0.0689326760070076,5.915184846068762,5.795336478294155
2024-02-22 20:30:00,0.7730402112021303,0.3209948910009151,6.554790038809167,6.628525363064611
2024-02-22 20:45:00,0.3186229053012436,0.781534384829762,7.297472118221528,7.407594818287343
2024-02-22 21:00:00,0.4148333203385796,0.3909219865535315,5.639787805758281,5.66641337034008
2024-02-22 21:15:00,0.0372924100002524,0.7067648593458145,5.294838813711618,5.302362062716456
2024-02-22 21:30:00,0.2842172126822097,0.4685997535985784,5.722733050489723,5.728556167064012
2024-02-22 21:45:00,0.2299060686520836,0.2938762522581484,5.041356031656475,5.084051125185013
2024-02-22 22:00:00,-0.1243091835285098,0.6741676867167213,5.317130911037705,5.530271938982061
2024-02-22 22:15:00,-0.0930053257327162,0.2918801104664598,5.198890928940176,5.298111471991923
2024-02-22 22:30:00,0.6383471348761276,0.6901134118085455,6.231927179774787,6.064783092616271
2024-02-22 22:45:00,0.0407358100968515,0.1140565007271156,5.351221078670234,5.294220480965766
2024-02-22 23:00:00,-0.0040836800791962,-0.0476915747594989,3.669076889028615,3.6669136856487734
2024-02-22 23:15:00,0.305912637902346,0.6798464457489777,6.688318729735641,6.503834496934062
2024-02-22 23:30:00,0.5697924037374811,0.413004661278163,6.588280197663312,6.592470851146067
2024-02-22 23:45:00,-0.1369631760404601,0.7157601721472995,4.956279492741291,4.863253230299291
2024-02-23 00:00:00,0.3779442050927984,0.765593889268282,5.782448556658505,5.6329499029152785
2024-02-23 00:15:00,-0.0796063447814111,-0.117485517814899,4.0463882876966,3.9489988650933836
2024-02-23 00:30:00,-0.1623078632468443,0.3309951711256665,4.1897746963805895,4.10421002413104
2024-02-23 00:45:00,-0.1459761419626149,0.2061504280406441,5.9746848017719385,5.898154965549416
2024-02-23 01:00:00,0.6354937801969018,0.4582243799042278,6.172680678634654,6.233875819669463
2024-02-23 01:15:00,-0.0806471323414739,0.6271572376037801,6.214521676075839,6.15768393801688
2024-02-23 01:30:00,-0.1534165938279837,0.1153761247980771,4.177830107872565,4.355716851099725
2024-02-23 01:45:00,0.2393845320731944,0.3928238272714829,5.391103642596537,5.374202804069842
2024-02-23 02:00:00,0.6455316652337034,0.5460130749867791,7.110775076127058,6.967445019894459
2024-02-23 02:15:00,0.064001063078256,-0.0270060016565021,4.810111923645666,4.897713866492061
2024-02-23 02:30:00,0.2233607420885659,0.6539274579551508,5.318817197691545,5.523169658793091
2024-02-23 02:45:00,-0.1583729604874403,0.4472868499638218,6.351318890754904,6.41477478547719
2024-02-23 03:00:00,0.2508403476138531,0.7920502902139874,5.845169815512532,6.008471280439765
2024-02-23 03:15:00,0.379433184517341,0.1833961211244422,5.908813932253078,5.904727076280335
2024-02-23 03:30:00,0.3727863716272007,-0.0466139220816554,4.57200873289783,4.671054415773769
2024-02-23 03:45:00,0.1343661673559526,0.3531326914773442,6.231957171876363,6.152529751394492
2024-02-23 04:00:00,0.1175337561765106,-0.0661481273338049,6.014155074527787,5.974712134106667
2024-02-23 04:15:00,-0.0913137624839,0.8189953226663546,6.566694337101555,6.655139880776072
2024-02-23 04:30:00,0.1689239247308309,-0.1104006260864476,6.307338314150296,6.2965389554100035
2024-02-23 04:45:00,-0.0983157993983714,0.6058816789324784,5.6938940735899735,5.787649705596573
2024-02-23 05:00:00,0.5688503459194792,0.3789611098050791,7.483456119311142,7.534032537610463
2024-02-23 05:15:00,0.7685945099601764,0.2239776933901271,6.357558365566234,6.443779675887139
2024-02-23 05:30:00,0.772461421095714,-0.0772852483272817,5.92328725969482,5.930982991863553
2024-02-23 05:45:00,0.6675257569160438,0.4805720942556378,6.96571666030322,6.8903259557258965
2024-02-23 06:00:00,0.4033154405642309,0.4451749366113151,7.237363474406394,7.2150189958861315
2024-02-23 06:15:00,0.5034585623979875,0.1424039872150946,5.987676033797318,5.966449659803562
2024-02-23 06:30:00,0.0878691816782887,0.7733250058579649,6.944417371961248,6.909618984822475
2024-02-23 06:45:00,0.4335052525927965,0.1688121970858466,6.807435140188734,6.788864319148559
2024-02-23 07:00:00,0.2584567745206775,0.3160425903082369,5.9752282877073455,6.1114789834803815
2024-02-23 07:15:00,0.2848978964119968,0.4117105380512725,7.295349275244842,7.148957452729163
2024-02-23 07:30:00,0.5607313871089729,-0.0301734189597241,6.779398677264244,6.607095914277
2024-02-23 07:45:00,0.0849483906206815,0.8034185651244348,7.311392731867111,7.346560121281569
2024-02-23 08:00:00,0.1211457928403401,0.247470465877003,7.12087045931941,7.156571547387509
2024-02-23 08:15:00,0.7278250558670681,-0.0445938803873688,6.184288635958204,6.0995549800132505
2024-02-23 08:30:00,-0.1405144197147821,0.2636255950515997,6.964737190410717,6.894884146480073
2024-02-23 08:45:00,0.2889745412751232,0.4782592041846411,7.659183943986754,7.654058267942493
2024-02-23 09:00:00,0.716220937052965,0.3934460797069867,7.963872860187325,8.026410476264584
2024-02-23 09:15:00,0.4138639742219657,0.5760864410665831,7.446123367184204,7.37599773392
2024-02-23 09:30:00,0.3499898059651768,-0.0612064318399628,6.27607077012662,6.189463638756882
2024-02-23 09:45:00,0.0534096115328572,0.1696292852369395,6.352538794639428,6.24165088872543
2024-02-23 10:00:00,0.1470245567258667,0.7061119787251379,8.443781383436308,8.348828898001113
2024-02-23 10:15:00,0.6558820532332743,-0.0314187187467208,7.515727114742775,7.465590348691617
2024-02-23 10:30:00,0.3631372729707869,0.745992989398113,7.580165576537476,7.40812507117787
2024-02-23 10:45:00,0.3187477723323314,-0.0157643988876515,7.227145079795852,7.148309990421936
2024-02-23 11:00:00,-0.0963273373232752,0.7286390132310241,6.787862143505009,6.7638520212305195
2024-02-23 11:15:00,-0.1797905910751127,0.2568310840459085,7.4767656948249055,7.418983694588967
2024-02-23 11:30:00,0.767955676841367,0.5101220050295469,7.506208377296962,7.559342504058857
2024-02-23 11:45:00,0.1813468230523211,0.0526824677833904,7.3889419353623165,7.308990197606207
2024-02-23 12:00:00,0.4076648169734383,-0.0321415882842565,6.293281118660834,6.159642950421097
2024-02-23 12:15:00,-0.1157411417667835,0.119533933872429,7.377183465499511,7.263593187588887
2024-02-23 12:30:00,0.4877510315663351,0.0333670627508322,7.819385057392445,7.573317525055021
2024-02-23 12:45:00,0.7372973455293523,0.2198479043953682,8.272050668968546,8.192999593982838
2024-02-23 13:00:00,0.3804907105366166,0.4237650324010323,8.026138692835145,7.8951538098775025
2024-02-23 13:15:00,-0.0689634700853538,0.5000918150354836,7.233956086633293,7.0888459242652555
2024-02-23 13:30:00,0.3867394138410894,0.7031615786584602,7.988370351150803,7.671479951925136
2024-02-23 13:45:00,0.5714627066686643,0.5715048051284077,7.934128359624125,7.814373765745818
2024-02-23 14:00:00,0.2116305652377145,0.5260047637408324,6.666777459730873,6.710984176528426
2024-02-23 14:15:00,0.6851512391389777,0.331019843094431,7.011761921977349,6.863913584840439
2024-02-23 14:30:00,0.4540968340492474,0.3950472407960714,7.368837564094352,7.112521224859694
2024-02-23 14:45:00,0.7047641149580333,0.3377700005027721,7.202166299571054,7.17942158069326
2024-02-23 15:00:00,0.4291227498932951,0.7674347022035671,7.785971290318346,7.648615719300355
2024-02-23 15:15:00,-0.0629914218587162,0.1572975210892285,6.34109327954752,6.192581931951089
2024-02-23 15:30:00,0.1155164097543137,-0.0649449495922244,5.529001031679955,5.39071324231389
2024-02-23 15:45:00,0.0077246639407945,0.5826994778705672,7.7894364215502465,7.722627087555132
2024-02-23 16:00:00,0.7148621544709433,0.1358953940411858,7.820709891647143,7.838822105939936
2024-02-23 16:15:00,0.5665425886294205,0.8256099000034239,7.704762713438009,7.658717741510748
2024-02-23 16:30:00,0.4826486778530999,0.7966103248353453,7.821034791618614,7.755025579609181
2024-02-23 16:45:00,0.1073253386759619,0.0163680303324213,5.161054847891687,5.081845269252997
2024-02-23 17:00:00,-0.0094865768217107,0.0481129117462856,5.124524486648251,5.105698777444606
2024-02-23 17:15:00,0.563030292661221,0.4389868831161548,7.787867197795736,7.801530055182718
2024-02-23 17:30:00,0.2808486250297419,0.5551354259165523,7.797500313477337,7.734733771210993
2024-02-23 17:45:00,0.0325926261830007,0.2229250109826723,5.881268105948814,5.828596222398914
2024-02-23 18:00:00,0.4235383669475669,0.6669244881973192,6.798707124629038,6.774721671917746
2024-02-23 18:15:00,-0.1526355250006505,0.5471588268908602,6.741059633073041,6.835091167550748
2024-02-23 18:30:00,0.1333160298525394,0.2791886347967158,5.456158295803163,5.518047193272192
2024-02-23 18:45:00,0.275818841415315,-0.0181368357822549,5.863730804412034,5.7745895748777185
2024-02-23 19:00:00,-0.0446628302826629,0.7087742874546948,6.645377237963516,6.813552147208816
2024-02-23 19:15:00,0.7921512191093598,0.1755149270014189,6.820226258598129,7.053372134517196
2024-02-23 19:30:00,0.0167129285841764,0.7973769302982389,6.36577179504132,6.247283306883024
2024-02-23 19:45:00,-0.0619115674864267,0.3853397882320021,5.800179893605069,5.812898225359951
2024-02-23 20:00:00,0.0113908302625427,0.5442774723526536,5.55479065824993,5.528505222720839
2024-02-23 20:15:00,0.5770386582958329,0.8423031658969886,7.079301473007075,7.198559718587772
2024-02-23 20:30:00,0.2336056674447125,0.8351354899572178,6.540261516473455,6.506100261942042
2024-02-23 20:45:00,0.3736393446552891,0.3451935087363219,4.793685395213169,4.834526402865178
2024-02-23 21:00:00,-0.1706431282754151,0.1847274042896799,4.161921064759056,4.376333198111278
2024-02-23 21:15:00,-0.1570957543392727,0.753152043359527,6.037312625509434,5.924698506749973
2024-02-23 21:30:00,0.2544246211811118,0.4132562412682345,6.434039806975785,6.415786898431864
2024-02-23 21:45:00,0.625381360139334,0.1743904629328009,5.240094764064747,5.26338883896598
2024-02-23 22:00:00,0.69409295194092,0.8889483444837386,6.64666951743664,6.673892545357197
2024-02-23 22:15:00,-0.1043104927725689,0.1848035714480409,4.8168776975045136,5.037642741976613
2024-02-23 22:30:00,0.3474758176204698,0.0146845036293191,3.783482581093234,3.73214172577087
2024-02-23 22:45:00,0.7224730865576924,0.0113365913821529,5.95175271377746,5.857506934892393
2024-02-23 23:00:00,0.1973477476843723,0.615552320788308,6.320300942924408,6.278780062999353
2024-02-23 23:15:00,0.6390733253454545,0.6570931767839882,6.597273558088179,6.374432952878573
2024-02-23 23:30:00,-0.0566634440612172,0.3086415182435746,4.518866695654246,4.570271648724004
2024-02-23 23:45:00,0.7451697051858732,0.3197927852512075,4.828355030393853,4.78123909704753
2024-02-24 00:00:00,0.5613337527450634,0.3414577198547499,4.886070387811858,4.804154043835285
2024-02-24 00:15:00,0.7513809527694857,0.6843041265900615,4.970821251428959,4.869271668800545
2024-02-24 00:30:00,0.4868008227289201,0.0644606524405225,3.936058317483484,3.8674035757964345
2024-02-24 00:45:00,0.1737254541422398,0.9376237425928258,4.275472788803174,4.208086838532812
2024-02-24 01:00:00,0.7486415307497639,0.2332079499208531,4.975470288866803,4.966758508491487
2024-02-24 01:15:00,0.0861668730712379,1.0125383547508422,4.251881413276458,4.3339587461752656
2024-02-24 01:30:00,0.1429132591502627,0.1865645557054763,4.147890679687313,4.011602779036459
2024-02-24 01:45:00,0.5116906965365633,0.7887632411874347,4.624388388104492,4.383562672160649
2024-02-24 02:00:00,0.5763410199524029,0.242802201424837,5.08884693216574,5.113515524960919
2024-02-24 02:15:00,0.7405715459360569,0.1024070227820969,3.559654723784759,3.716451299308032
2024-02-24 02:30:00,0.0161147118881992,0.8986615437914098,5.383415905037714,5.314123022031797
2024-02-24 02:45:00,0.6094554771947273,0.8846446525321481,5.772562145312724,5.9636810114226435
2024-02-24 03:00:00,0.5501495322233565,0.4316258775664066,4.329432855193421,4.430869943974416
2024-02-24 03:15:00,-0.124455031057068,0.7326103799511869,3.752379502107946,3.938162616498136
2024-02-24 03:30:00,0.1991213840749373,0.5894353259478882,4.706848120740481,4.93812718722983
2024-02-24 03:45:00,0.0948124257088168,0.8874768098191266,5.229084169554614,5.343949353720615
2024-02-24 04:00:00,0.1166870136872003,0.3517238593012029,4.4297571504174735,4.6308093454498795
2024-02-24 04:15:00,0.7952939837603976,0.5624831191911358,5.027987067413688,5.096126755249123
2024-02-24 04:30:00,0.4552759260295804,0.5263212999149353,5.6945536924029545,5.781612829360021
2024-02-24 04:45:00,0.5303269714376364,0.3969880902801925,4.613998019174968,4.7902395227403805
2024-02-24 05:00:00,0.7894216440790081,0.9366655357536416,6.120313357409673,6.216521563022854
2024-02-24 05:15:00,0.1901598736374789,0.2132112215714037,4.738148272214843,4.870053402883618
2024-02-24 05:30:00,0.6149532346108252,0.1989591279960656,4.027673728651575,4.063391257392037
2024-02-24 05:45:00,0.2477998942651491,0.6284713292074077,6.165844691287251,6.256865337600625
2024-02-24 06:00:00,0.6829593566606047,0.7111611918101856,6.512942320079034,6.476084323153472
2024-02-24 06:15:00,-0.005759131622116,0.2503849960407674,4.779162402673282,4.808942784612917
2024-02-24 06:30:00,0.7614280339372193,0.4485753259916006,5.27055249379327,5.2766168982703485
2024-02-24 06:45:00,0.0326729819207734,1.0065069818358736,7.0396061312769485,6.945650236705301
2024-02-24 07:00:00,0.1402820831993444,0.308638681556653,4.899755534636572,5.0819497295930125
2024-02-24 07:15:00,0.5704149983420286,0.7324526985195363,5.632341362251379,5.68912545072815
2024-02-24 07:30:00,0.2081399783583418,0.8063044986805784,6.876191694856376,6.726736239175874
2024-02-24 07:45:00,0.4227591698862449,0.5163390384991217,5.342907273216958,5.404443129544364
2024-02-24 08:00:00,0.2592851335093821,1.007783440677417,5.917716848452757,6.216319823008573
2024-02-24 08:15:00,0.5572462910630953,0.8089529411825939,6.533924740877359,6.544054833566561
2024-02-24 08:30:00,0.0433732093042002,0.5322509323574066,4.988569841858253,4.992456729159089
2024-02-24 08:45:00,-0.1263335722248267,0.6456828536410133,4.890495211484171,5.165656403809915
2024-02-24 09:00:00,0.1153052014618221,0.7709733068961888,6.654895391508605,6.505861319363935
2024-02-24 09:15:00,0.2898527113585314,0.6725529282280205,6.427197438309179,6.465446339054832
2024-02-24 09:30:00,-0.0162667805660423,0.9610536502681576,6.305575553504321,6.243171048680205
2024-02-24 09:45:00,0.1706804550934442,0.4412282444139686,5.692941899358881,5.695387249615503
2024-02-24 10:00:00,0.2160370585615867,0.3861987988285605,5.305966643601238,5.397757972752584
2024-02-24 10:15:00,-0.1263823653911454,0.3021151509493678,5.72251231886293,5.802833319057719
2024-02-24 10:30:00,0.3997056647611927,0.1280119245595904,5.989219978029305,6.0382077376663315
2024-02-24 10:45:00,0.7009153443866045,0.1351848758436038,6.897592514909835,6.7259871480752444
2024-02-24 11:00:00,-0.0315107974374643,0.9641570883155732,7.322809362095709,7.275308034354411
2024-02-24 11:15:00,0.4147295487307579,0.774414824281572,7.148939402672226,7.1305540670008725
2024-02-24 11:30:00,0.4818368576510484,0.7584624463938792,6.250554311270776,6.26068039241466
2024-02-24 11:45:00,0.2366093214230984,0.7144695462325661,6.153987121518537,5.9848671159084
2024-02-24 12:00:00,0.5185500866416439,0.950930685824348,6.767992096533979,6.548791726336142
2024-02-24 12:15:00,0.2283627702050695,0.5838511737688219,6.204753471397327,6.028646128599967
2024-02-24 12:30:00,0.3224481104403208,0.975855453864038,6.144342698225639,6.046271794423312
2024-02-24 12:45:00,-0.1746556697768226,0.4667374774769489,5.825329544965892,5.742618216288427
2024-02-24 13:00:00,0.5098927296071005,1.0358350104600225,6.334976621842644,6.382255508132248
2024-02-24 13:15:00,0.4796974899552289,0.8096065514366335,7.372928220567535,7.3067779764670595
2024-02-24 13:30:00,-0.1430612512581139,0.3699355661396832,4.505938825061684,4.554199675637128
2024-02-24 13:45:00,0.1869719032110505,0.6786387887782853,5.553040194204789,5.697980716512643
2024-02-24 14:00:00,0.7979384241275809,0.6493662300536203,7.611563105897432,7.408268551240615
2024-02-24 14:15:00,0.239828795664318,0.2560024441825087,5.496798646115367,5.526690382865273
2024-02-24 14:30:00,0.3212241493431881,0.7111004240588114,5.963105233601314,5.81746117981747
2024-02-24 14:45:00,0.7293962739545328,0.4363827710818393,6.997804840624855,6.847932824341837
2024-02-24 15:00:00,0.5369162228197288,0.1756710693614752,5.46757473044216,5.384825188806646
2024-02-24 15:15:00,0.4019135679168202,1.0736889362282291,6.868942746471347,6.777417128876136
2024-02-24 15:30:00,0.617838065751446,0.7682187407383184,7.056269561107385,7.063673438681029
2024-02-24 15:45:00,0.6845904553588789,1.0053278120511198,6.162973919180792,5.9352002149339205
2024-02-24 16:00:00,0.2773039210989829,0.8061301090204869,5.637156136127484,5.638372771000428
2024-02-24 16:15:00,0.2957167298060876,0.488707537081225,4.652336719775335,4.648932181200406
2024-02-24 16:30:00,0.2068526701757259,0.6460459789398707,5.376003400900294,5.451339931796115
2024-02-24 16:45:00,0.7877020974083999,0.8107228548597227,6.615881001141887,6.677595324260799
2024-02-24 17:00:00,0.5183572868379972,1.096830541231959,6.69530672888236,6.639339481885548
2024-02-24 17:15:00,-0.0953899747237262,0.3918335395840328,4.215706463791672,4.256414867328774
2024-02-24 17:30:00,0.6845433593317571,1.0147105576645632,5.390798881100293,5.47816723498431
2024-02-24 17:45:00,0.3023413032986127,1.0653640902491437,6.78819750098894,6.948427024492793
2024-02-24 18:00:00,-0.1092662561194516,0.813237768034411,4.21272103384222,4.401192597330957
2024-02-24 18:15:00,0.3718964152242001,1.0756078488751684,5.4570126820194975,5.3799344157605
2024-02-24 18:30:00,0.2395436082974964,0.5437215959225823,5.085503666006866,5.1831255057526535
2024-02-24 18:45:00,0.7003297491503361,1.100343611570354,5.434937533419518,5.492871686865394
2024-02-24 19:00:00,0.026776807610935,0.8515772032005717,5.639722338698289,5.556649503765065
2024-02-24 19:15:00,0.649449516994372,0.1922492727721625,3.435197521299716,3.63684298759553
2024-02-24 19:30:00,0.3808771450099566,1.0585476328074883,5.547416586124994,5.6662674085326055
2024-02-24 19:45:00,-0.1219968547871837,0.6375608516040261,5.081781155238797,5.227488149154217
2024-02-24 20:00:00,0.7954433723790506,0.6148100466583595,4.65631893923983,4.542308814709806
2024-02-24 20:15:00,0.3364193841132032,0.7223262988461492,5.586323595678868,5.435684592266409
2024-02-24 20:30:00,0.114887902119086,0.3066023184378162,3.859561306815975,3.8886169724512887
2024-02-24 20:45:00,0.2936256356901746,0.6277231851942243,4.6304219467218415,4.627081931829644
2024-02-24 21:00:00,0.6822851599785914,0.9910048450385844,6.279171445438301,6.353145121718138
2024-02-24 21:15:00,0.1295399195599999,0.1766615487062675,4.021000763433791,3.9007364519113814
2024-02-24 21:30:00,0.0175234453320139,0.4353785257802772,3.10982672103417,3.167920805508203
2024-02-24 21:45:00,-0.0458706165979649,0.1661788897951467,4.605341184413681,4.571368156495565
2024-02-24 22:00:00,0.1231294554376164,0.5806790620756163,4.854766359058019,4.8921425330403405
2024-02-24 22:15:00,0.6055308966050946,0.8945070766635868,6.237734437705851,6.231645310486568
2024-02-24 22:30:00,0.297322758206375,0.9661674265260696,5.344702399057133,5.172972682936867
2024-02-24 22:45:00,0.0533924100621971,1.113769464460105,4.229665922748788,4.180256692085108
2024-02-24 23:00:00,-0.007688951773454,0.7782483559599148,3.865460151244463,3.6831426251327577
2024-02-24 23:15:00,0.1590715952410786,0.4255144444752404,3.276685572930426,3.173074987104937
2024-02-24 23:30:00,0.7664833885673001,1.096159020817272,5.375526886249421,5.315675551341776
2024-02-24 23:45:00,0.1698034510267851,0.9484298447132242,5.123090522369474,5.066865192056675
2024-02-25 00:00:00,0.8151193619142003,0.7486249869884816,3.7180690340720894,3.534965907048022
2024-02-25 00:15:00,0.3124451129747903,0.8708983980159045,4.173195907314917,4.111018183634702
2024-02-25 00:30:00,0.0065987694320269,1.100615354402193,4.029366988134631,4.060190821867422
2024-02-25 00:45:00,0.7187959585019912,0.8897128598618068,4.791848748914379,4.592560810915996
2024-02-25 01:00:00,0.2882330759917572,0.5466920644721104,3.576167611681316,3.5689153300008556
2024-02-25 01:15:00,0.5377717020355179,0.8923232592997152,4.200010915526465,4.176778036393606
2024-02-25 01:30:00,0.8120354158796931,0.2205293781408629,4.415295893071481,4.411639251129191
2024-02-25 01:45:00,-0.1212765254684793,0.567601480089725,3.2745210443181203,3.3575016289574444
2024-02-25 02:00:00,-0.0745322081263421,0.588422086158285,4.594894968067865,4.483080064373414
2024-02-25 02:15:00,0.5494558966851236,0.349828749295199,4.681583153892665,4.848591616623899
2024-02-25 02:30:00,0.1110508958401614,0.2069456743841584,4.209030597642164,4.249619440996751
2024-02-25 02:45:00,0.0137548399235919,0.3180892243054793,4.263692972756291,4.320905483680541
2024-02-25 03:00:00,-0.1309563147549285,0.8401552912634411,5.559360555038087,5.630483251294118
2024-02-25 03:15:00,-0.148242309200863,0.9886263352950264,5.574855229836626,5.766170466691746
2024-02-25 03:30:00,0.6046265651649004,1.175322555121299,5.999350479455989,5.97527693474638
2024-02-25 03:45:00,-0.0351948186036037,0.5342418359356838,4.248254829305296,4.236240975673849
2024-02-25 04:00:00,0.2983239696304268,0.787994462114068,3.8590723169086223,4.020584109556821
2024-02-25 04:15:00,0.4367325750191665,1.1264746625717572,6.406047470859646,6.42675856818535
2024-02-25 04:30:00,0.25942077203036,0.3570633968337153,4.36375813965308,4.419029883624034
2024-02-25 04:45:00,-0.1415903602493902,0.9083365030523666,4.013077124305599,4.202263183896581
2024-02-25 05:00:00,0.6150393091719614,0.9463162528801718,6.399899710602813,6.558215427682978
2024-02-25 05:15:00,-0.1577133476058494,0.2809368834630397,4.323930039381267,4.2753675370052235
2024-02-25 05:30:00,0.5938997444753311,1.05381171122571,5.423422313196202,5.460593098158759
2024-02-25 05:45:00,0.7255515659825489,1.0062454306534203,7.291189579615426,7.398065228878753
2024-02-25 06:00:00,0.2653250140699207,0.2270984578639814,3.694811797999801,3.8502257389441317
2024-02-25 06:15:00,0.3682663845173244,0.2853118780841571,3.940391626948843,4.059570992668757
2024-02-25 06:30:00,0.3099469188953274,0.2438632498610208,5.700793507925758,5.799912221108072
2024-02-25 06:45:00,0.2224125550697517,0.5299656008069177,5.894288920563394,6.024284393412654
2024-02-25 07:00:00,0.7208696761511397,0.7049735351841251,6.685945610204713,6.882612180799504
2024-02-25 07:15:00,0.7276206488026181,0.7284714553646566,6.626412100361064,6.526640771482226
2024-02-25 07:30:00,0.1697462919911701,0.4642063252179609,5.04304259372098,4.9716463632009615
2024-02-25 07:45:00,0.4492432612905096,1.1085288956821908,6.054545918198305,6.1959807466730386
2024-02-25 08:00:00,0.761325438897263,0.5655638015890463,6.619033623478416,6.601242932703965
2024-02-25 08:15:00,0.796721533554233,0.243196685276651,4.680126346343001,4.775817700423788
2024-02-25 08:30:00,0.3438680201150372,0.4981956323183825,5.538954240345321,5.556176480657051
2024-02-25 08:45:00,0.2879805161050324,0.7293763703313099,6.44351553757929,6.45306645390052
2024-02-25 09:00:00,0.1140975427497943,0.6067635974078428,6.042963300738356,6.061636759477353
2024-02-25 09:15:00,0.7945233997065912,0.4726354882605983,6.324101169392459,6.0878771911864495
2024-02-25 09:30:00,-0.0212850868039181,0.3303437506766612,5.576994318381287,5.58278658500304
2024-02-25 09:45:00,0.4159800483041389,1.0183888430854486,6.678612192224735,6.711117409991029
2024-02-25 10:00:00,0.1189513834447432,1.1955497132525634,7.639641749682761,7.6774711768472805
2024-02-25 10:15:00,0.1156608288866931,0.5291029974127928,5.225450232642182,5.068748954700974
2024-02-25 10:30:00,0.241873326273881,0.5813145468318023,5.098047772424048,5.198655744113009
2024-02-25 10:45:00,0.8359506516173456,0.8178398963160237,7.2964842678960995,7.289717039706852
2024-02-25 11:00:00,-0.1076222251137841,0.9183289326172372,6.651618245904996,6.420672426231887
2024-02-25 11:15:00,0.4162078126271418,0.591978286058749,5.5793203899491335,5.490552824843715
2024-02-25 11:30:00,-0.079506548243258,1.104915761445436,6.535284715502818,6.419013654181301
2024-02-25 11:45:00,-0.00730180528508,0.7600039222731371,6.434241946393865,6.141339683652167
2024-02-25 12:00:00,0.2779971479860872,0.6503798917735125,5.819831996753469,5.709895189158453
2024-02-25 12:15:00,0.3491519483113697,0.8466286457979348,6.644382235146042,6.63495163159403
2024-02-25 12:30:00,0.0977426041175829,1.152702017142604,6.881246085399965,6.838398718786137
2024-02-25 12:45:00,0.1556664722217778,0.9943689454264242,6.184394650030062,6.226027426419556
2024-02-25 13:00:00,-0.0735637272300998,0.2397244792102,4.738193492255287,4.532561588196155
2024-02-25 13:15:00,0.1429497118596111,0.5318921851787373,5.511953524996653,5.3793736841093445
2024-02-25 13:30:00,0.8065498059909324,0.669974128610925,7.8828961548169,7.691709687613835
2024-02-25 13:45:00,0.784960948726745,0.513770446738605,6.900519557987027,6.705613237374985
2024-02-25 14:00:00,0.1753948182355555,0.8992401488958842,5.975747653386605,5.958271403214972
2024-02-25 14:15:00,0.411634184770036,1.0250977579704308,6.603602101414216,6.63481446176942
2024-02-25 14:30:00,0.7506401180876676,0.9299260565026686,6.62335611398215,6.548841810705413
2024-02-25 14:45:00,-0.1525062150634472,1.1876429640000707,5.65393619937517,5.656606871528764
2024-02-25 15:00:00,0.6522595235228005,0.4705624358553858,5.223371356743862,5.165132763272549
2024-02-25 15:15:00,0.7902122511678377,1.0726858238145556,6.649834827190942,6.455506273998917
2024-02-25 15:30:00,-0.0665640690597101,0.963977002736232,6.159513059183976,6.126717929915362
2024-02-25 15:45:00,0.0038261326279332,0.5591676125430067,4.380087507398352,4.343976279096935
2024-02-25 16:00:00,0.803393749837894,0.9307244682203234,6.505738838129306,6.461079816123199
2024-02-25 16:15:00,0.3804573403808667,0.3002635490103785,5.866519398576913,5.772912066808063
2024-02-25 16:30:00,-0.1426156711956771,0.9850853904921651,4.904353275491499,4.94330617278793
2024-02-25 16:45:00,0.101090937318384,0.7276235256889972,6.031830550569932,6.249526825172897
2024-02-25 17:00:00,0.2936746023846727,0.4871008647858296,5.240783236438915,5.185579114196006
2024-02-25 17:15:00,0.5369125727452178,0.8500825742604371,6.262454165688717,6.16439988663367
2024-02-25 17:30:00,0.5774375162069998,0.8353967231761098,6.437028332132471,6.401349962248124
2024-02-25 17:45:00,0.8399728687884166,0.4027113336662792,4.95037939244308,5.042966234346931
2024-02-25 18:00:00,0.1323375131768573,0.2230479124020069,3.965108844804035,4.1171616136125735
2024-02-25 18:15:00,0.3833221124199323,0.6256755396917687,5.466934772230271,5.452343399281044
2024-02-25 18:30:00,0.3787019926849672,0.7609444170164923,6.477070367407738,6.507275928522898
2024-02-25 18:45:00,0.251300874745865,1.067394634454652,5.806112514465376,5.8759770113155785
2024-02-25 19:00:00,0.015095414493982,1.1183402502335849,5.556917940064863,5.425088763567365
2024-02-25 19:15:00,0.8236687227448174,0.7182401405977856,4.871417374896076,4.996969098078375
2024-02-25 19:30:00,0.6998087173667695,0.9425273253745796,5.433843456686616,5.277172605103569
2024-02-25 19:45:00,0.3451046610332556,0.6272935690499282,4.44004703894101,4.5044165830772736
2024-02-25 20:00:00,0.4502978870278601,0.933316531676422,4.4465914547809895,4.694911938707253
2024-02-25 20:15:00,0.0745950777371583,0.3912576916683484,4.271707535538746,4.358752998629773
2024-02-25 20:30:00,0.3914033812911721,0.5567204990335937,4.201255506013264,4.170618407100976
2024-02-25 20:45:00,0.5428694562870424,0.8190612616927578,5.84408678605624,5.93602406745137
2024-02-25 21:00:00,0.3633500880150031,0.2021467261869282,4.010465091062552,4.225386772296081
2024-02-25 21:15:00,0.8387526895219556,0.9055836681933648,4.987417477911119,5.040285308855924
2024-02-25 21:30:00,0.4600943559846976,1.0177696591000585,5.976274926043958,6.1030849349177405
2024-02-25 21:45:00,0.220012313262623,0.5804659273298701,3.5006179044561847,3.4937566405917746
2024-02-25 22:00:00,0.621477247992041,0.6283352085492602,4.019328216548499,3.9601435570489576
2024-02-25 22:15:00,0.0200750690711778,1.030722056331641,4.877582847140888,5.001163077289679
2024-02-25 22:30:00,0.2344164243486219,0.9541201732215718,4.532652443396652,4.613048480057367
2024-02-25 22:45:00,0.1971483288407403,0.4656194777197156,3.646596174201114,3.529261432702377
2024-02-25 23:00:00,0.2822859546848005,0.5004294215505996,3.539604741240529,3.5855550104738203
2024-02-25 23:15:00,0.6325488785343821,0.854293870210312,5.262206222028845,5.308055766948563
2024-02-25 23:30:00,0.3352329883307641,0.7375551731425563,4.6610266006330665,4.70600740350134
2024-02-25 23:45:00,0.6453660191430096,0.3355073407110555,3.5090232516999977,3.375911909484942
2024-02-26 00:00:00,0.4281327924861375,0.4821077422812,5.009075889201878,4.845713657404081
2024-02-26 00:15:00,0.1940063508407611,1.0710406788123832,6.086508345804898,6.071998551546363
2024-02-26 00:30:00,0.6622093916761336,0.8580910463483089,6.166931954011292,6.0803829139554
2024-02-26 00:45:00,0.0908147539291845,1.1547299096045238,5.403806212583493,5.191547258017979
2024-02-26 01:00:00,0.0772032007314019,0.9345870169908534,4.821731563572044,4.901529742326186
2024-02-26 01:15:00,0.3576189833087997,1.1083478676313565,5.214669170214288,5.375529355851793
2024-02-26 01:30:00,0.1142618428966794,0.381341154185283,4.575522472099918,4.530092983671784
2024-02-26 01:45:00,-0.1372031324872018,0.9353969416281428,4.614750759638893,4.630075119540249
2024-02-26 02:00:00,0.502305292018512,0.1828695627847608,5.521057910082428,5.6438870503101555
2024-02-26 02:15:00,0.3654002134628307,0.8321326794859272,5.799585889018748,5.768085848755837
2024-02-26 02:30:00,0.300123527445056,0.6293563426306255,6.329993912338624,6.324174238239313
2024-02-26 02:45:00,0.8218742407972557,0.5055164893382837,5.260504562586484,5.551557893492153
2024-02-26 03:00:00,0.4264056142060306,1.019824225632254,6.349514945441666,6.508391864204325
2024-02-26 03:15:00,0.7189394015020671,1.0103322840213802,6.74547541629857,6.588446302383013
2024-02-26 03:30:00,-0.0047398586422263,0.1769924377119212,4.1179361389932,4.15365892356674
2024-02-26 03:45:00,0.425319136254037,0.7628035836690863,5.210629388978695,5.239022906605465
2024-02-26 04:00:00,0.7243957529180045,0.5197201666278738,7.316565983886851,7.28963848576113
2024-02-26 04:15:00,0.4398260201751579,0.5661203454714479,5.677667355875991,5.775436051091622
2024-02-26 04:30:00,0.575039259928,0.9810535754786311,6.776533344283674,6.786196992252042
2024-02-26 04:45:00,0.2293741492651908,0.4573883628808944,5.874958117246592,5.902597445781663
2024-02-26 05:00:00,-0.0499137225662934,1.0891155941797164,5.758542142614835,5.791307370483839
2024-02-26 05:15:00,0.3158439123012303,0.3242014155801829,6.1395725646459445,6.256415657708582
2024-02-26 05:30:00,0.2527305411633607,0.8057736101703222,6.029215368592539,6.069542534229139
2024-02-26 05:45:00,0.7256195407623632,0.8136228238375581,7.52187676181932,7.635685983762042
2024-02-26 06:00:00,0.1028635422358987,0.3921626432271087,5.638091041682581,5.704494501974914
2024-02-26 06:15:00,0.8259120208889661,0.4631511552268318,5.889353904494669,6.059979279316478
2024-02-26 06:30:00,0.8176261371253302,0.9716156292994648,8.069683799569994,8.178052751811833
2024-02-26 06:45:00,0.1074305533787242,0.8970226966091657,6.707003951522367,6.78881774649001
2024-02-26 07:00:00,0.2081624263102789,0.4626975317922789,5.198944551911188,5.339700054431983
2024-02-26 07:15:00,0.7559784382883051,0.6659265054540249,6.820473368874202,6.872682013563894
2024-02-26 07:30:00,0.827357809461174,0.1920028532546012,6.922232906715584,6.9610651660428475
2024-02-26 07:45:00,0.3044882456311736,0.337405525415778,6.001308235854772,5.981318986996885
2024-02-26 08:00:00,0.1823604042525819,0.6128019733652778,7.236004872343314,7.145347665112367
2024-02-26 08:15:00,0.3877722477701968,0.21126180650567,6.861315360644301,6.906315141076769
2024-02-26 08:30:00,0.5497629753825582,0.9669121696347226,7.996522774355538,7.8395453775701345
2024-02-26 08:45:00,0.135784475978816,0.8398630584975421,7.99646006068911,7.891822023446441
2024-02-26 09:00:00,0.5990999823932834,1.0637530479032478,7.24002997297671,7.152002453624916
2024-02-26 09:15:00,-0.085398333866016,0.8118345141148844,6.827228683169615,6.766899690148524
2024-02-26 09:30:00,-0.0874430444080689,1.0570031218557894,6.442475871724281,6.364878222351586
2024-02-26 09:45:00,0.2498689728294457,0.6693345674664456,7.311656669873234,7.138712223445093
2024-02-26 10:00:00,0.2173739141312964,0.7132472176030071,6.944034351126499,6.757184456139724
2024-02-26 10:15:00,0.1798540398336749,1.0881928019879403,7.932014154949814,7.75210685385821
2024-02-26 10:30:00,0.3555613360165481,0.7515307961745118,7.415091566945114,7.346474927275584
2024-02-26 10:45:00,0.1855965494983124,0.1383550978961819,5.758491054159358,5.630017625711599
2024-02-26 11:00:00,0.0574429229216715,0.8295253813664942,7.251115503518501,7.0502018588388555
2024-02-26 11:15:00,0.174977232703439,1.0093327882720886,8.69487558122371,8.698713871809103
2024-02-26 11:30:00,0.8407352759443798,0.8975734742466122,8.014147955803638,7.937565676209902
2024-02-26 11:45:00,0.2772683784669276,0.6839434850065699,6.800950134377991,6.719848036878054
2024-02-26 12:00:00,0.3111923339445142,0.7695187971521958,6.691187213204883,6.5346891516207855
2024-02-26 12:15:00,0.4433497783820865,1.0865004542923873,8.159987187589573,7.988356063400768
2024-02-26 12:30:00,0.8504714223720864,0.1850526707839813,6.797608397931962,6.740030521202997
2024-02-26 12:45:00,0.1090584285511382,0.7597060927056388,6.234170062089548,6.313515114409811
2024-02-26 13:00:00,0.5490663918813717,0.3739186346538797,7.496257702598076,7.3872349835951185
2024-02-26 13:15:00,0.5840967336427116,0.7286602378528115,7.508969306466517,7.509888790871919
2024-02-26 13:30:00,0.4757648436040328,0.6942317757482852,7.621411342851603,7.693512769633708
2024-02-26 13:45:00,-0.0426522204480267,0.2380930814813378,5.811304108490694,5.87527798982787
2024-02-26 14:00:00,0.5459713536751212,0.2894008702572528,6.663005421524044,6.5622197128446516
2024-02-26 14:15:00,-0.0664759499257156,0.7022919392621181,8.099601246117185,7.903773542567923
2024-02-26 14:30:00,0.4659028714644466,0.2068908438767546,7.061144730913437,6.997884098689697
2024-02-26 14:45:00,0.6096729021231776,0.3418309439465527,7.129299556895953,7.044989400299072
2024-02-26 15:00:00,0.0813937370403305,0.9098756650381504,8.063490931077423,7.9040912100518534
2024-02-26 15:15:00,0.7123785924328295,0.3996927884638828,7.147373421328157,7.251827744655733
2024-02-26 15:30:00,-0.0985562557408017,0.5586239620670792,6.273204739307648,6.173821435285666
2024-02-26 15:45:00,0.7152367699999046,1.0096582649750565,7.982594270499373,7.93049515767151
2024-02-26 16:00:00,0.3320875367889145,0.2936129869179172,6.928767357806262,6.845933442547013
2024-02-26 16:15:00,0.0896816164784573,0.4540279724048147,5.31256040796953,5.35300332271933
2024-02-26 16:30:00,0.0062076209416148,0.6687901217060769,7.104774824513141,7.179004708048723
2024-02-26 16:45:00,0.8260730503321829,0.8155942472804111,7.997006860757561,7.954476585321293
2024-02-26 17:00:00,-0.0542315170672725,0.959824503832678,7.2129066962880675,7.042911229236391
2024-02-26 17:15:00,0.0725339320842354,0.9715529798518135,6.253527280008359,6.1884374602646055
2024-02-26 17:30:00,0.2216010789655792,0.8306222665334039,6.457135973905898,6.510124405420356
2024-02-26 17:45:00,0.4943524008549984,0.2802088030646579,5.5722342538439005,5.714864751025221
2024-02-26 18:00:00,0.4192580568952174,0.0745768957213393,5.225587474710923,5.419174092539358
2024-02-26 18:15:00,0.0004404815044917,0.431425171342489,6.434437747919988,6.344007911951953
2024-02-26 18:30:00,0.1648655864323442,0.1870780952923774,6.347436720130028,6.486101592631691
2024-02-26 18:45:00,0.1142305818892357,0.75378947565422,6.855801553453445,6.939333085267156
2024-02-26 19:00:00,0.0893634662851715,0.7023998327758407,7.163780166498201,7.0901911559050905
2024-02-26 19:15:00,0.2873073405215556,0.0831033929727127,5.0493935289810565,5.259500365339191
2024-02-26 19:30:00,0.5805374385048523,0.8735833779790886,6.878473119413861,6.769278470461945
2024-02-26 19:45:00,0.0943024879939074,0.2835863097151992,6.277049109360394,6.3690928888469465
2024-02-26 20:00:00,0.2438725916991397,0.4649194160772786,4.84400350286678,5.027401526605347
2024-02-26 20:15:00,0.2684558797741875,0.6984714817915461,6.725436080123213,6.82017678889231
2024-02-26 20:30:00,0.8543403063812682,0.4577983039891854,6.295933305774184,6.424958083899166
2024-02-26 20:45:00,0.832896039269535,0.4675057126864457,5.907846635804792,5.917701403051434
2024-02-26 21:00:00,0.678713750371966,0.0896811772192336,4.974513838100374,5.1059928958317125
2024-02-26 21:15:00,0.1205821518035956,0.4233291400583547,4.847476713849928,5.100914453426652
2024-02-26 21:30:00,-0.0526918150767751,0.7845632878622971,6.179712569721429,6.240681316211685
2024-02-26 21:45:00,0.1965232232267317,0.932719188923308,6.308950033223696,6.4915636679439785
2024-02-26 22:00:00,0.1467624227839429,0.4288653577455729,5.106169027294447,5.099017700275822
2024-02-26 22:15:00,0.3862430328492814,0.4367775872070858,4.663271405035949,4.78631647386628
2024-02-26 22:30:00,0.6583950719688221,0.713640836064739,6.312710425450304,6.354462908546594
2024-02-26 22:45:00,0.7393405981572774,0.9516063892805878,6.581866553648923,6.536768806361627
2024-02-26 23:00:00,0.7262328085767444,0.2737149352799581,4.706450787468267,4.700726753268505
2024-02-26 23:15:00,0.2413959131160265,0.444617016409967,4.085603507968393,4.012313353982312
2024-02-26 23:30:00,0.5693068872450615,0.7982643358512749,6.196020513242518,6.0428825205971
2024-02-26 23:45:00,0.1952594946878248,0.6098026713881999,5.471631673462445,5.494372839248755
2024-02-27 00:00:00,-0.0563158464137441,0.1085134427067464,3.695622446688868,3.558620913808775
2024-02-27 00:15:00,0.5846977472674966,0.6234780777738745,5.350073926175238,5.554656142301662
2024-02-27 00:30:00,-0.1066855380110508,0.1803103767153096,5.571277058803773,5.454207293624487
2024-02-27 00:45:00,0.2930244793858466,0.5015995421774117,4.892516921601883,4.866328608501364
2024-02-27 01:00:00,0.213576696801042,0.5183074173610228,6.173821300089251,6.232285735369722
2024-02-27 01:15:00,0.5779310529600281,0.8632293385715243,6.272000475175309,6.218395390367092
2024-02-27 01:30:00,0.6511556238189286,0.4473436213201704,5.838852373487073,5.727123294030328
2024-02-27 01:45:00,0.1893619716243189,0.2621169439070995,4.107156281593404,4.187191705090784
2024-02-27 02:00:00,0.6972520809688231,0.2114681065253708,5.141287895162449,5.277028061260559
2024-02-27 02:15:00,0.1799001024730233,0.8525831925333714,6.559841100823872,6.5969863630644685
2024-02-27 02:30:00,0.3326685202661,0.1471743070591689,5.191066912141574,5.373247119317316
2024-02-27 02:45:00,0.6137200467640102,0.399866987611828,5.192413408306718,5.32877335948242
2024-02-27 03:00:00,0.5799816478928728,0.1590096107451217,6.183278134337194,6.137292544444551
2024-02-27 03:15:00,0.8747903276327768,0.7429819573612874,6.60115122936748,6.655661570951994
2024-02-27 03:30:00,0.1129438522071389,0.4418955879279861,5.811962761742769,6.077520456138334
2024-02-27 03:45:00,0.5504622485008592,0.3165155350032063,4.739352326362209,5.012195429713029
2024-02-27 04:00:00,0.4981882827853209,0.32432450340116,6.146424758418639,6.226737505765909
2024-02-27 04:15:00,0.8039673994022585,0.8132964652193216,7.175478005724774,7.15345734698609
2024-02-27 04:30:00,0.0455941860879017,0.512718240942805,5.898390577039659,6.1480731368813775
2024-02-27 04:45:00,0.6413938349600449,0.6746790528476564,5.779983560756225,5.8149934068321745
2024-02-27 05:00:00,0.4582284402399165,0.8517217738550337,7.226157867594525,7.174931413065741
2024-02-27 05:15:00,0.1649903702912018,0.8543023836448845,6.301753654888624,6.1983569471377296
2024-02-27 05:30:00,0.365124613380397,0.27895285870388,5.333199676990415,5.383204490641322
2024-02-27 05:45:00,0.2248320154919051,0.9007840630138542,6.487292823849854,6.513586961308242
2024-02-27 06:00:00,0.4707350591171125,-0.0288961726011286,5.944257637371836,6.2201382764636355
2024-02-27 06:15:00,0.7807890220237538,0.3209650524761913,6.216741649437541,6.068285871242433
2024-02-27 06:30:00,0.4614606657293886,0.8378365453853441,8.03112294101735,8.115544611563276
2024-02-27 06:45:00,0.5242458832308493,0.2145896634408352,6.251932954198346,6.378395717232636
2024-02-27 07:00:00,0.4116396073339058,0.2109564771923083,5.598141038935821,5.668421400587307
2024-02-27 07:15:00,-0.0555739280461078,0.2384269500179485,6.574104261642028,6.448303116398723
2024-02-27 07:30:00,0.1264884358920268,0.5460553291039079,7.411660849937645,7.20865833944937
2024-02-27 07:45:00,0.3860014284154165,0.3700198859765001,7.53633908814838,7.545294693985181
2024-02-27 08:00:00,0.2046053073945014,0.656375244194489,7.254188403583304,7.167252180659176
2024-02-27 08:15:00,0.0765044490132889,0.8225127228803643,7.452055775278406,7.446005205164586
2024-02-27 08:30:00,0.399245021943046,0.599771745353494,6.961540941228793,7.059025635932265
2024-02-27 08:45:00,0.218293801647178,0.1280182399225851,6.189616443552118,6.034060864752085
2024-02-27 09:00:00,0.153963977179285,0.8542216711638693,7.202297423669656,7.24683073189083
2024-02-27 09:15:00,0.3602145731118619,0.1840302304545611,7.613380667998472,7.431555105440047
2024-02-27 09:30:00,0.0298867295032181,0.0674388183140353,5.917933629616527,5.763856076435635
2024-02-27 09:45:00,0.8247220125525017,0.0055287825104008,7.4690367130425,7.3709593860200515
2024-02-27 10:00:00,0.7650526759790564,0.4769722758053553,8.791920987625529,8.560547773687958
2024-02-27 10:15:00,0.6053459511276021,0.0253883147808385,7.493008460607912,7.1964673116747715
2024-02-27 10:30:00,0.0043144672628247,0.0484495728658002,6.007773098440612,5.968203621298394
2024-02-27 10:45:00,0.6743536536046225,0.2077627574622527,7.710346738869757,7.717388622844782
2024-02-27 11:00:00,0.7068099700886659,0.1874548574142391,8.055100190848842,8.189383065377253
2024-02-27 11:15:00,0.6669939841314538,0.5081221414559106,8.118082418721054,7.806142573330201
2024-02-27 11:30:00,0.0135724577728812,0.7187201349683153,7.629515563841647,7.588525498750214
2024-02-27 11:45:00,0.5438922099610012,0.6614284041333247,7.609838138670023,7.413466630092921
2024-02-27 12:00:00,0.7346872070870462,0.1606789888408405,6.961405642839463,6.976303029369654
2024-02-27 12:15:00,0.4780944454060161,0.1416329363438737,6.610114999364656,6.389341406704034
2024-02-27 12:30:00,0.5475275248646441,0.8602542135760327,8.315680065364123,8.283361238107977
2024-02-27 12:45:00,0.3598632053095389,-0.0991482675810706,6.860033248003742,6.896360265734104
2024-02-27 13:00:00,0.4305870910031588,0.7705016133656094,6.974836680082048,6.926980609135309
2024-02-27 13:15:00,-0.0633628581136083,0.0886881893790623,7.377795479194548,7.360845294534907
2024-02-27 13:30:00,0.5416042832914651,0.8344358005753794,7.479787808388458,7.347169257776861
2024-02-27 13:45:00,-0.0155300844531414,0.2276640020513613,7.630746557996786,7.586296355853806
2024-02-27 14:00:00,0.3384192000712904,0.3239273769972915,6.262926520299032,6.1483464737410625
2024-02-27 14:15:00,0.1964420663933369,0.5889289610789619,7.987666559389034,7.969265090276746
2024-02-27 14:30:00,0.4495977400314542,0.4677242111475497,7.486653236757755,7.497894373914931
2024-02-27 14:45:00,0.0379694027129847,0.1962555791142133,6.339584404595149,6.35953200005175
2024-02-27 15:00:00,0.5965802009844592,0.4304227391865048,7.398786658290394,7.147693838954069
2024-02-27 15:15:00,0.7003325203852395,0.60558897103177,8.366927652159871,8.300522758801566
2024-02-27 15:30:00,0.0690600684406019,-0.0844778111272884,5.63890338021694,5.8029793702538575
2024-02-27 15:45:00,0.0104037902536889,-0.1172932007821136,5.237156939941199,5.2663781945983885
2024-02-27 16:00:00,0.0519917170237114,0.3279099786604131,7.722200426166945,7.69667858006582
2024-02-27 16:15:00,0.7839897727639543,3.069577196593287e-05,8.04437725994709,7.858264003412561
2024-02-27 16:30:00,0.4354378927077134,0.5309050968477723,7.615062466588036,7.508040991336779
2024-02-27 16:45:00,0.3748964886617077,0.0789958724693781,6.624316127656953,6.691352233773105
2024-02-27 17:00:00,0.0147346132343865,0.296193209860753,6.248648403010784,6.01981192795592
2024-02-27 17:15:00,0.5579665402977426,0.059427993333173,6.899772248885002,6.913095804913829
2024-02-27 17:30:00,0.7767983009293976,0.4086720508427348,7.593652155832567,7.49009778188623
2024-02-27 17:45:00,0.7373731880878465,-0.025310024934722,6.566594988121746,6.701489084782244
2024-02-27 18:00:00,0.5356310698615528,-0.1197917542617211,5.254663376424952,5.519868169550518
2024-02-27 18:15:00,-0.0147554498172903,-0.0932850822617314,5.72625767311672,5.880617715469181
2024-02-27 18:30:00,0.0227527620368645,0.8083407979413806,7.196407037464984,7.537628365632172
2024-02-27 18:45:00,-0.0399449498764137,-0.0051149793978902,6.785850450322465,6.628035472066967
2024-02-27 19:00:00,0.1686160326237664,0.5596110460531691,5.901530202279866,5.937223792863218
2024-02-27 19:15:00,0.0471894595133439,-0.0823892920746183,6.16887304735582,6.319574768419162
2024-02-27 19:30:00,0.1719676300686959,-0.0435855410231954,5.21247376783406,5.229269456671569
2024-02-27 19:45:00,0.297369662375634,0.3557180237049183,7.0912708982029775,7.126233504088661
2024-02-27 20:00:00,0.8556868250788234,0.3103185986308228,7.297212836727055,7.289519010043651
2024-02-27 20:15:00,0.5234729507825038,0.7956522706662057,6.947565852259444,6.881686763090969
2024-02-27 20:30:00,0.7484639404485298,0.7875502673181508,6.5501838271929245,6.606143197173801
2024-02-27 20:45:00,0.6242353311418416,0.6209850317751734,5.44850809141616,5.592242624191805
2024-02-27 21:00:00,0.0267810466448617,0.442158675474082,4.605602736825028,4.5870260045568925
2024-02-27 21:15:00,0.6505928163293186,0.2937166570995534,5.253221355881088,5.229878643275331
2024-02-27 21:30:00,0.1901661916217502,0.1936535614414722,5.417118847021136,5.457294908433561
2024-02-27 21:45:00,0.5545704615544673,0.7833006070581493,6.5520710522463,6.34925265355921
2024-02-27 22:00:00,0.2568202952076011,0.437879400253466,6.0139164690999705,6.0813075410984725
2024-02-27 22:15:00,0.9139266924577606,0.4128202889306071,5.069029076304778,5.175026862166794
2024-02-27 22:30:00,0.1802024150560187,0.0644458446537924,4.894402480246616,4.85678930770195
2024-02-27 22:45:00,0.1961783095494156,-0.1219405651660587,3.989062342026764,4.01823652395651
2024-02-27 23:00:00,0.8481173925134403,0.7753871640226755,7.247165505712407,7.119401506416138
2024-02-27 23:15:00,-0.0575127671684035,0.1427910221097648,5.677128130099634,5.677785518545779
2024-02-27 23:30:00,0.6149298984875115,0.2705223133107234,4.280582823439414,4.236162562174487
2024-02-27 23:45:00,0.6439657730486534,-0.058528758378217,5.905491721459099,5.598239751331809
2024-02-28 00:00:00,0.755416818803813,0.6626742484954009,6.120643923699094,6.0023015464676455
2024-02-28 00:15:00,0.8938767965956171,-0.1476788867896777,5.4959612131834925,5.444279386835979
2024-02-28 00:30:00,0.89543903325969,0.6576402716891973,5.569906537302512,5.360453875872176
2024-02-28 00:45:00,-0.0144861185051838,-0.0370842571535054,4.914382533166775,4.924710466192077
2024-02-28 01:00:00,0.742476836281422,0.7081971756575041,5.261039731780451,5.296765375913145
2024-02-28 01:15:00,0.5673482146545465,0.5504292645833609,7.024719569363382,6.947216039503199
2024-02-28 01:30:00,0.5687815587992069,-0.0156281985451677,4.239371084615042,4.16995643825915
2024-02-28 01:45:00,0.0501908685201022,0.3845859046722186,4.926975528878543,4.838368636103809
2024-02-28 02:00:00,0.5724299979689492,0.1305121713289679,5.846739337303592,5.959549457766327
2024-02-28 02:15:00,0.9051276719675126,-0.0048014180947976,5.773681378665443,5.7692807225469265
2024-02-28 02:30:00,0.8348662890584818,0.6752790952658648,6.772628130056677,6.870930445985339
2024-02-28 02:45:00,0.3625813748694239,0.2187729654534697,5.679722201421593,5.801053618182092
2024-02-28 03:00:00,-0.0361979536298025,0.2129692074169094,4.381274531158774,4.353177901377667
2024-02-28 03:15:00,0.2865512846573161,-0.0164904488569285,5.399894490759236,5.5349424707317985
2024-02-28 03:30:00,0.7510521884619143,0.1959081204233254,6.579771161234253,6.6351066360259985
2024-02-28 03:45:00,0.6265654192380568,0.6837011362795178,7.442061245151407,7.511487551201596
2024-02-28 04:00:00,0.3848147710599989,0.1744772139095723,5.625657062947784,5.825715662557444
2024-02-28 04:15:00,-0.0190221968277176,0.7622387348267883,5.649509330475676,5.655481975948923
2024-02-28 04:30:00,0.3531765013093676,0.7562532807889913,7.117066209288636,7.160821585481978
2024-02-28 04:45:00,0.3957125696710348,-0.0458251272861671,4.997708856649872,5.263517139235674
2024-02-28 05:00:00,0.8556493683764423,-0.0140579991397631,5.403286905436122,5.456298053688304
2024-02-28 05:15:00,0.568586491721624,0.6706821305364914,7.623151808131681,7.769481813762665
2024-02-28 05:30:00,0.2395602026435561,0.2001691450515111,6.446350274987497,6.400468664591534
2024-02-28 05:45:00,0.4536327915439938,-0.1887947012137834,4.807548300640248,5.0120840861849745
2024-02-28 06:00:00,-0.0052225826642761,0.0801492197095369,6.151005956722248,6.233838266606393
2024-02-28 06:15:00,0.9016982669588964,0.4033755357586426,8.067233256774243,8.0762711576898
2024-02-28 06:30:00,0.2895981924685485,0.6045047733285913,7.769287057502512,7.821721348491657
2024-02-28 06:45:00,0.4078142401688446,-0.0618571280495597,5.649265880033769,5.611387908662609
2024-02-28 07:00:00,0.2856397877542993,-0.0851656928775813,5.483785292149381,5.649287617965796
2024-02-28 07:15:00,0.6132768034919972,0.7259475793970593,8.497971333923546,8.345616217685652
2024-02-28 07:30:00,0.5934068212119544,0.5545886241746271,8.295086060113592,8.259798822083757
2024-02-28 07:45:00,0.6469068906160278,0.3928285844243693,6.4782964155189005,6.360354114116484
2024-02-28 08:00:00,0.2001380526495715,0.5718679442771035,6.707588728601436,6.634187751020266
2024-02-28 08:15:00,0.2480738709454142,0.2311911733465543,6.4409454402273925,6.4400077031735075
2024-02-28 08:30:00,0.0580675094593619,0.5604717452191518,6.740996798464758,6.858015116463191
2024-02-28 08:45:00,0.5887374586728172,0.1735217413529706,7.285020173473735,7.324591138679883
2024-02-28 09:00:00,-0.0265638594502331,0.0455396764195511,6.406775880518693,6.210742223609927
2024-02-28 09:15:00,0.5317331910894418,0.5302085133209993,7.894445710658459,7.717762733825374
2024-02-28 09:30:00,0.8041588967730398,0.2206410362981971,8.199568365698328,8.229837026286717
2024-02-28 09:45:00,0.8257076286076177,0.7821431915343269,7.5845211953009315,7.811959416922451
2024-02-28 10:00:00,0.3843260191617943,0.150072327660265,6.8581475968105465,6.823739910886891
2024-02-28 10:15:00,0.3950050335906635,0.722159360403777,6.714118666115959,6.70037141985453
2024-02-28 10:30:00,0.0130839211164443,0.7332630378111666,7.943857269098586,7.91176854688687
2024-02-28 10:45:00,0.6072934604590939,0.0420457561777811,6.4309897267358105,6.3122096818935125
2024-02-28 11:00:00,0.7582018545035945,0.5983300938848767,7.778541751140274,7.603532192706277
2024-02-28 11:15:00,0.182011788086039,0.2331233139264866,7.5201791576422465,7.345980558500415
2024-02-28 11:30:00,0.3590722127285511,0.7175372329527585,7.220722483604704,7.112913888605089
2024-02-28 11:45:00,0.7770255617635782,0.2501242800747704,7.767076405806326,7.873017968446866
2024-02-28 12:00:00,0.8157218808775437,0.5443150327583383,7.387623875205988,7.337794614258572
2024-02-28 12:15:00,0.1821968740334212,0.2670138374845259,7.198254606601652,6.889018509377787
2024-02-28 12:30:00,0.4900032992232641,0.0279060976721203,6.3111674032963325,6.196648604717879
2024-02-28 12:45:00,0.1323418746095871,-0.0004618217313014,6.997547268653312,6.868657247922131
2024-02-28 13:00:00,0.0421438338033499,0.2257257348265502,7.438604911699947,7.316686217469617
2024-02-28 13:15:00,0.8518022011616113,0.5559194600362624,8.95600578791546,8.83603090920063
2024-02-28 13:30:00,0.7616061165397502,0.4056503063549949,8.007834954232166,8.173158808055334
2024-02-28 13:45:00,0.7015507070958841,0.489385866594305,7.015761530824136,6.973407028227292
2024-02-28 14:00:00,-0.0093004044483787,0.0832843991541156,6.149148900503196,6.084403325888267
2024-02-28 14:15:00,0.7860798173675043,0.2826185583356209,7.10570265403896,6.914729126826445
2024-02-28 14:30:00,0.3808131229653697,-0.1541726932709487,7.260011274585709,7.183364779517806
2024-02-28 14:45:00,0.2855824652522282,0.619236922906929,7.157115944461405,7.262008769346078
2024-02-28 15:00:00,0.4900822683801443,0.7918927377532498,8.89533149462979,8.803393696741695
2024-02-28 15:15:00,0.035377983985825,0.2091992748366615,6.127882216666863,6.158264191213012
2024-02-28 15:30:00,0.7010903910370783,-0.186372967870582,5.483886338080172,5.561812357428207
2024-02-28 15:45:00,0.5272982835148323,-0.0271773254256226,7.019441030300752,7.053397169787428
2024-02-28 16:00:00,0.1318729309642858,0.455947014395522,7.711061154010227,7.615444251170665
2024-02-28 16:15:00,0.133934921849499,0.4159129556324406,7.519992388169779,7.373313171460884
2024-02-28 16:30:00,0.1303715201680043,0.592135207739862,7.096354236088754,7.038717722801376
2024-02-28 16:45:00,0.0035456591872392,0.0586146477844595,6.217768741076416,6.1417049337707255
2024-02-28 17:00:00,0.5347623785703994,0.56884594421083,7.050639810405963,6.994373239512238
2024-02-28 17:15:00,0.7877330168711902,0.4937046276601292,8.119061236590275,8.113412151050804
2024-02-28 17:30:00,-0.0346957861294823,0.1290648066569372,5.516123936341723,5.461606263181974
2024-02-28 17:45:00,-0.0027679460339422,0.3522912220893335,5.432977482217087,5.696487281755962
2024-02-28 18:00:00,0.5214193412981388,-0.045347355893742,6.7785226526519375,6.787083891114316
2024-02-28 18:15:00,0.7685666501107798,0.2605420285716915,6.851439682080006,6.977721094049552
2024-02-28 18:30:00,0.2762319978952287,0.6897964109097366,7.555256141904389,7.476382072400452
2024-02-28 18:45:00,0.2995298892145711,0.2304347801038127,5.9182224242760935,5.9741923753131125
2024-02-28 19:00:00,0.5466846094511733,0.6494771416891826,6.348484615674295,6.388750088290159
2024-02-28 19:15:00,0.2249738590811597,0.400853462021754,6.288318530514177,6.492594008475008
2024-02-28 19:30:00,-0.0222075715209732,0.0031890159343462,4.707209754327024,4.65972854513111
2024-02-28 19:45:00,0.6868359053745128,0.3931532133466145,6.502453335087254,6.48807441895952
2024-02-28 20:00:00,0.5776808554976125,0.3187873359210624,7.143749530774614,7.140627424756587
2024-02-28 20:15:00,0.5332107252900569,0.2122246622629647,5.460456100861196,5.604257654996916
2024-02-28 20:30:00,0.6945628652816941,-0.0659847236909944,5.326090218158408,5.459871386939025
2024-02-28 20:45:00,0.6285338082657783,0.2319171043855258,6.012048126784668,6.034624626899953
2024-02-28 21:00:00,0.1596094156344218,-0.1111835834923546,5.337913958921281,5.424987919980079
2024-02-28 21:15:00,0.3066331514693364,-0.0843094132720045,5.061553476499879,5.037756906613474
2024-02-28 21:30:00,0.0806871415700053,0.2337273553956018,6.052917441909177,6.279956000199551
2024-02-28 21:45:00,0.0848591249471132,0.1241032777843813,5.845071465145959,5.904813904315593
2024-02-28 22:00:00,0.6316231837719969,0.7451986728161957,7.050366881094185,6.8776584698284635
2024-02-28 22:15:00,0.8144530825074514,0.1963141702545228,6.360402976440176,6.318493122597363
2024-02-28 22:30:00,0.9190113076927438,0.5794418580908385,5.413975446967058,5.390061243222869
2024-02-28 22:45:00,0.5850517978577422,0.3528278706539539,5.781524534646055,5.556879290698783
2024-02-28 23:00:00,0.1412321662878834,0.5276837396959017,4.424560877299936,4.628766108322619
2024-02-28 23:15:00,0.0632075551073338,0.0847527781903355,4.512574459594149,4.531535675720245
2024-02-28 23:30:00,0.770834750009427,0.7676013658494425,6.233895365284339,6.167217903891838
2024-02-28 23:45:00,0.5371670236987017,0.3568652353511844,6.370047584315905,6.154128326915298
2024-02-29 00:00:00,0.5771225352382491,0.6592017741421801,5.048175396755231,4.831956244007683
2024-02-29 00:15:00,0.7407267658519422,0.1940448486984812,5.233145842763312,5.2220416234484555
2024-02-29 00:30:00,0.6629692616554153,-0.069647688904366,4.367114862239062,4.200054521213264
2024-02-29 00:45:00,0.7945778355230445,0.5050146351352258,5.973258629537396,5.951587382229908
2024-02-29 01:00:00,0.0167612267533771,-0.1597552586498273,5.042993807672533,4.856711907511653
2024-02-29 01:15:00,0.7084958845125294,0.3089801146981359,4.9621402256895415,5.0678240449570255
2024-02-29 01:30:00,0.8122561173691357,0.0277108823594486,6.565438541022032,6.567957214272638
2024-02-29 01:45:00,0.2479666985564895,0.463525976691776,5.368464590798936,5.452475023353854
2024-02-29 02:00:00,0.602707407873437,0.8168313411842463,6.848165501496889,6.769043127353926
2024-02-29 02:15:00,0.2768508551899286,0.3030947232855742,5.3247563323891685,5.43620153839179
2024-02-29 02:30:00,0.9210886929579802,0.6574896231360553,5.5809951679808485,5.659648404433506
2024-02-29 02:45:00,-0.0030297903584149,0.3490941492467768,5.629919182029082,5.653240045562747
2024-02-29 03:00:00,0.5437686653349286,0.3384874781705628,4.947857797358463,4.992596797747139
2024-02-29 03:15:00,0.130908724369244,0.7744271548992275,6.677947847111833,6.677374906015077
2024-02-29 03:30:00,0.6770549077922143,0.7353443135720436,6.65859819067294,6.725810672134849
2024-02-29 03:45:00,0.1411546787615178,0.6325720979269931,5.581304088965242,5.714724839050645
2024-02-29 04:00:00,0.2010775153555916,0.1444388129451982,4.572581533061971,4.708519606796922
2024-02-29 04:15:00,0.4604950859572659,0.3946209732134765,5.904592017997513,5.991621522694913
2024-02-29 04:30:00,0.8813894076550948,0.0749571894730412,6.669484941006763,6.735139031182725
2024-02-29 04:45:00,0.1786991717971029,0.2964417814226328,5.796808266750916,5.89907087922869
2024-02-29 05:00:00,0.111655319953371,0.3382208304795016,6.129481289453359,6.198355521756149
2024-02-29 05:15:00,0.7268227850209183,0.6871478638820134,7.265795701235724,7.487252291153014
2024-02-29 05:30:00,0.4688962929274501,0.7530534471259919,7.405292440776195,7.4100932333018426
2024-02-29 05:45:00,0.8804928314457303,0.2731794207798933,5.875134276137059,5.940037870578572
2024-02-29 06:00:00,0.1157533836861276,-0.1221850840938042,4.884829350814895,4.835972107701544
2024-02-29 06:15:00,0.6154979739509063,0.723452074308009,7.101007201317975,7.148502221321843
2024-02-29 06:30:00,0.202880626367188,0.0375411413288751,6.921556268728173,7.124144045046151
2024-02-29 06:45:00,0.127193450986422,0.486744931077135,5.792990043091184,5.878423819876085
2024-02-29 07:00:00,0.6542941203886659,-0.1085495424796904,6.969093474896953,7.012105697791305
2024-02-29 07:15:00,0.5649811467585734,0.2676185153615518,6.884195445468377,6.829534320085876
2024-02-29 07:30:00,0.7265559434964161,0.8557205240298991,8.372526897434499,8.572389089199193
2024-02-29 07:45:00,0.2816231544736297,-0.0278824925545982,6.275280564586328,6.265986295629205
2024-02-29 08:00:00,0.4205644598547947,0.2967960473512134,5.773114121318122,5.735797233304066
2024-02-29 08:15:00,0.378496835742021,0.1819469392821298,7.470186790190671,7.519330284924336
2024-02-29 08:30:00,0.9575471077523794,0.7815941093014601,8.31800326541088,8.28476521272514
2024-02-29 08:45:00,0.2661392112755933,0.7475697902978209,7.875070761620729,7.917549684963498
2024-02-29 09:00:00,0.2691402279496014,0.117666633656341,5.369506480098159,5.426124639296802
2024-02-29 09:15:00,0.329304055753979,-0.0370918610566105,5.892703846693982,5.88569386698736
2024-02-29 09:30:00,0.5397829057331754,0.5106253034802789,8.055718688520836,8.078013428358311
2024-02-29 09:45:00,0.2279446643574914,0.2216360475367453,7.754003463572184,7.626627129022864
2024-02-29 10:00:00,0.8913450721952247,0.5591458092741471,7.553837657569091,7.570448230488067
2024-02-29 10:15:00,0.2421740224130811,-0.0790112990199564,6.815026322363181,6.827428883210468
2024-02-29 10:30:00,0.8727376267833481,0.0240889344107118,6.606748875385234,6.379270541937767
2024-02-29 10:45:00,0.0808305064278167,0.5788956976769087,8.44003173795375,8.271033565443425
2024-02-29 11:00:00,0.634351800556457,0.1067406789522939,7.217929560497367,7.322555320740359
2024-02-29 11:15:00,0.8852083777233517,0.7538168314338826,8.204532852786496,8.191176850536376
2024-02-29 11:30:00,0.1474061624991056,-0.0433084726154956,6.866631488738659,6.745381774176354
2024-02-29 11:45:00,0.9474176506376042,0.1154662356788109,6.374311473891663,6.283954301509484
2024-02-29 12:00:00,0.4324081169467952,0.900440019604175,9.046822511216272,9.11608302124782
2024-02-29 12:15:00,0.925674028453986,0.3368630713127212,7.9198941020708755,7.716862342450265
2024-02-29 12:30:00,0.6572132225462481,0.6086712822420891,7.068177801014819,6.905996908810552
2024-02-29 12:45:00,0.2824144010469178,0.0902985415112192,6.534041153799094,6.399410658259228
2024-02-29 13:00:00,0.1695644996334825,0.5194450958662891,6.890238483377258,6.682953894206104
2024-02-29 13:15:00,0.2854315537018149,0.6376340607223852,8.315314142745171,8.191187996069468
2024-02-29 13:30:00,0.0751485366481191,0.2279667906320776,6.811571776859346,6.682834514559275
2024-02-29 13:45:00,0.1264337987165368,0.7443597265356389,7.413514339301474,7.189353161716667
2024-02-29 14:00:00,0.0876610607167251,0.5208627154233247,7.885227295366497,7.701610077275097
2024-02-29 14:15:00,0.4063790330479574,0.3085604955721718,6.632479241187082,6.645695183913863
2024-02-29 14:30:00,0.7794488133687197,0.4790818177692747,7.763035056537847,7.63048107863679
2024-02-29 14:45:00,0.1256890159298688,0.5002115615004975,7.199393836123016,7.20777046662912
2024-02-29 15:00:00,0.1150609942146398,0.0910064081599087,6.033256181088871,5.928577584621347
2024-02-29 15:15:00,0.6286046825431518,0.3302327580064301,7.279935112129656,7.182132441998821
2024-02-29 15:30:00,0.1827939575601626,0.2729688785573158,7.34014340732744,7.43081079134265
2024-02-29 15:45:00,0.0836563247778019,0.3324873026660188,6.5770194022492285,6.552693624164244
2024-02-29 16:00:00,0.1533302423888946,0.6947496016993719,7.642139824349865,7.589488711246951
2024-02-29 16:15:00,0.9106485019394304,0.4182397528442628,7.713274693784547,7.731240380188665
2024-02-29 16:30:00,0.8088238630097437,0.8780874843344506,7.665194120301144,7.605436656766836
2024-02-29 16:45:00,0.3418527369775423,0.2335251373321964,6.134312625135491,6.048881389496917
2024-02-29 17:00:00,0.6440445644828806,0.3576368550234092,5.674374758543224,5.694893876037995
2024-02-29 17:15:00,0.525935149426581,0.7309815517413109,7.687953991919005,7.668342486947356
2024-02-29 17:30:00,0.6662194718397818,0.4921474619160809,7.019808871361394,6.894664831434379
2024-02-29 17:45:00,0.6722021453396189,0.4952555554192317,6.292548715150666,6.271209043192208
2024-02-29 18:00:00,0.6187008423025608,0.0036782749595813,5.7105531704024175,5.722897015480719
2024-02-29 18:15:00,0.256504077916514,0.351054388952853,5.76121680562745,5.894727765551907
2024-02-29 18:30:00,0.0298450579742253,0.2253107323131129,6.426481099718985,6.3821400576175344
2024-02-29 18:45:00,0.4468413906536997,0.9560398031394126,7.460264951199717,7.4754735963094845
2024-02-29 19:00:00,0.8826845063506703,0.2671925848568393,7.199590337073694,7.115091961912474
2024-02-29 19:15:00,0.5616439326431214,0.8454717825598886,5.97639732142317,6.027300932700652
2024-02-29 19:30:00,0.8249738056830601,0.6393513615160035,6.533913435078811,6.762645608088594
2024-02-29 19:45:00,0.9846432321146608,0.3061808045349463,5.2917577325774126,5.533923949347977
2024-02-29 20:00:00,0.1570712517031413,0.5109496772093906,5.253775193136336,5.255553288780201
2024-02-29 20:15:00,0.6856688762807512,0.8101059608770609,6.464490011580724,6.574889893956248
2024-02-29 20:30:00,0.66862102949834,0.8550967831649972,6.865546952939379,6.872799459964348
2024-02-29 20:45:00,0.9747191488248158,0.1342841295423504,4.909854355948869,4.974105331352911
2024-02-29 21:00:00,0.9808007060191396,0.315628273024121,5.052510533014575,5.13887842743347
2024-02-29 21:15:00,0.6823148772446356,0.3134460394986791,5.829113710844082,5.8773632783437755
2024-02-29 21:30:00,0.2396873717339092,0.022437974992146,4.549807702883215,4.669891632954492
2024-02-29 21:45:00,0.7950647508131425,0.580803592225103,6.16209639756721,6.194782077766842
2024-02-29 22:00:00,0.1039743964465185,0.8395606140344918,6.747121613468057,6.825658740675892
2024-02-29 22:15:00,0.7780809305045641,0.3684914938881724,5.108292432736055,5.171594926780876
2024-02-29 22:30:00,0.908014127041945,0.7291311533413947,5.865059284369244,5.877569853049596
2024-02-29 22:45:00,0.3810877846191366,0.6189750222643313,5.512165357799164,5.526873157245645
2024-02-29 23:00:00,0.6293260800986051,0.3691037830578654,4.651634477520653,4.540160144648962
2024-02-29 23:15:00,0.4292699187107369,0.1366960650128033,4.639856834247492,4.601825912635982
2024-02-29 23:30:00,0.43732864725615,0.7071418556732153,5.877725482008384,5.7026026448331875
2024-02-29 23:45:00,0.31037088910812,0.8545651689412402,6.621450608551558,6.362345030152887
